id (식별코드),region (지자체),ordinance (조례명),Category (주제),Type (성격),Action (행위),Building_use (건축물),content,link
G_001,경기도,경기도 건축 조례,건축 일반,위임사항의 실체적 규제,"건축위원회 심의, 조례 위임사항 규정",경기도 내 모든 건축물,"제1장 총칙

제1조(목적) 이 조례는 「건축법」 및 같은 법 시행령에서 조례로 정하도록 위임한 사항과 그 시행에 필요한 사항을 규정함을 목적으로 한다.

제2조(적용범위) 이 조례는 경기도(이하“도”라 한다) 안의 건축물 및 그 대지에 대하여 적용한다.

제3조(적용의 완화) 「건축법」(이하 “법”이라 한다) 제5조제1항 및 법 시행령(이하 “영”이라 한다) 제6조제1항제4호에 따라 조례로 정하는 지역의 건축물은 다음 각 호의 어느 하나에 해당하는 건축물로 한다. <개정 2024.3.20.>

1. 「전통사찰의 보존 및 지원에 관한 법률」제6조에 따른 전통사찰보존구역의 전통사찰

2. 그 밖에 전통문화 보존과 진흥을 위하여 경기도지사(이하 “도지사”라 한다) 또는 시장·군수가 지정한 지역의 전통한옥

제3조의2(다중생활시설의 건축기준) 영 제3조의5 및 별표 1 제4호거목에 따른 다중생활시설에 대한 실별 최소 면적, 창문 설치 및 크기 등의 기준은 다음 각 호와 같다.

1. 개인공간(침실 등 개인이 거주하는 공간. 이하 같다)의 최소면적은 7제곱미터 이상을 확보할 것. 다만 이와 별개로 각 실에 욕실을 설치할 경우 욕실의 면적은 3제곱미터 이상을 확보할 것

2. 개인공간에는 창문 1개 이상과 문 1개 이상을 설치하고, 모든 창문과 출입구 등에는 적절한 잠금장치를 설치할 것

3. 개인공간의 창문은 자연채광과 환기가 가능하도록 외기에 접하도록 설치하고 0.5제곱미터 이상의 크기로 설치할 것
[본조신설 2022.3.4.]

제4조삭제 <2024.3.20.>
제5조(건축허가 사전승인) ① 법 제11조제2항제1호 단서에 따라 다음 각 호의 어느 하나에 해당하는 경우에는 사전승인 대상에서 제외한다.

1. 층수가 30층 미만이고, 연면적의 합계가 10만 제곱미터 미만인 건축물. 다만, 위락시설 또는 숙박시설이 포함된 경우에는 21층 미만이고 연면적의 합계가 10만 제곱미터 미만인 건축물 <개정 2021.5.20.> [단서신설 2021.5.20.]

2.「주택법」제15조 또는「공공주택 특별법」제35조에 따라 사업계획승인을 받거나 「도시 및 주거환경정비법」 제50조 또는 「빈집 및 소규모주택 정비에 관한 특례법」 제29조에 따라 사업시행계획인가를 받는 건축물 <개정 2016.12.16., 2019.10.31.>

②? 허가권자가 법 제11조제2항제1호에 따라 도지사의 승인을 받은 건축물을 영 제5조의5제2항에 따라 영 제5조제2항 각 호 외의 사항을 변경하려면 변경하기 전에 도지사의 승인을 받아야 한다. <전부개정 2017.11.13.> <개정 2025.9.26.>

제2장 건축위원회

제6조(건축위원회 설치 등) ① 도지사는 법 제4조에 따라 경기도 건축위원회(이하 “위원회”라 한다)를 설치하여 다음 각 호의 사항을 조사·심의(이하“심의 등”이라 한다)하도록 할 수 있다.

1. 이 조례의 개정에 관한 사항

2. 법 제4조의4에 따른 건축물의 건축 등과 관련된 민원에 관한 사항

3. 법 제11조제2항에 따라 도지사의 승인을 받아야 하는 건축물의 건축에 관한 사항

4. 「주택법」제15조 또는 「공공주택 특별법」제35조에 따라 도지사의 승인을 받아야 하는 주택건설사업계획 중 「공동주택관리법 시행령」제2조에 따른 의무관리 대상 공동주택의 건축에 관한 사항. 다만, 지구단위계획이 수립된 지역이거나 설계공모 또는 설계·시공을 일괄입찰한 경우를 제외한다.

5. 다른 법령에서 위원회의 심의를 받도록 규정하거나 위임한 사항. 이 경우 다른 법령에 따른 위원회와 공동으로 하는 심의사항은 해당 분야에 전문적 식견을 가진 위원이 4분의 1 이상 참여하여야 한다.

6. 그 밖에 도지사가 필요하다고 인정하여 회의에 부치는 사항

② 제1항제3호, 제5호 및 제6호에 따른 건축물에 대하여 위원회의 심의를 거친 경우에는 시·군 건축위원회의 심의를 거친 것으로 본다.

③ 도지사는 위원회의 심의 등을 효율적으로 수행하기 위하여 위원회에 다음 각 호의 전문위원회를 두어 운영할 수 있다.

1. 건축민원전문위원회

2. 건축계획·건축구조·건축설비 등 분야별 전문위원회

3. 공공건축전문위원회 [신설 2024.5.16.]

[전문개정 2017.11.13.]
제7조(경기경제자유구역청 건축위원회의 설치 등) ① 「경제자유구역의 지정 및 운영에 관한 특별법」제27조에 따라 경기경제자유구역청 건축위원회(이하“경기경제청 위원회”라 한다)를 설치한다. <개정 2020.10.1.>

② 경기경제청 위원회는 다음 각 호의 사항을 심의한다. <개정 2020.10.1.>

1. 법 제4조제1항에 따라 시ㆍ군 건축위원회에서 심의하는 사항

2. 경기경제자유구역 내 시·군 건축조례에서 건축위원회의 심의를 받도록 정한 사항 <개정 2020.10.1.>

3. 그 밖에 경기경제자유구역청장(이하 “청장”이라 한다)이 위원회의 심의가 필요하다고 인정하는 사항 <개정 2020.10.1.>

③ 경기경제청 위원회의 구성 및 운영에 관한 사항은 제6조 및 제8조부터 제21조까지의 규정을 준용한다. 이 경우 “위원회”는 “경기경제청 위원회”로, “도지사”는 “청장”으로 본다. <개정 2020.10.1.>

[전문개정 2017.11.13.] [제목개정 2020.10.1.]
제8조(구성) ① 위원회는 위원장 및 부위원장 각 1명을 포함하여 25명 이상 80명 이내의 위원으로 구성한다.

② 위원회의 위원장 및 부위원장은 위원 중에서 도지사가 임명 또는 위촉하는 사람으로 한다.

③ 위원회의 위원은 건축ㆍ토목ㆍ도시계획ㆍ에너지ㆍ소방ㆍ교통ㆍ회화ㆍ조경ㆍ조형예술ㆍ환경ㆍ경관ㆍ법률ㆍ국가유산 등에 관한 학식과 경험이 풍부한 사람으로서 관계 기관의 장의 추천을 받은 사람과 외부 공개모집을 통하여 신청한 사람 및 관계 공무원 중에서 도지사가 위촉하거나 임명하는 사람이 된다. 다만, 공무원으로 임명하는 위원은 전체 위원의 4분의 1 이하로 한다. <개정 2024.3.20.>

④ 위원 중 도가 설치한 다른 위원회와의 중복 위촉이 3개를 초과하거나, 다른 지방자치단체 등의 건축위원회와의 중복 위촉이 3개를 초과하는 위원은 위촉 대상에서 제외한다. 다만, 「국토계획 및 이용에 관한 법률 시행령」제111조에 따른 도시계획위원회(공동위원회를 포함한다)의 위원 위촉은 중복으로 보지 아니한다.

⑤ 위촉된 위원은 위원회 활동의 공정성과 투명성을 제고하기 위한 청렴서약서를 도지사에게 제출하여야 한다.

⑥ 공무원이 아닌 위원의 임기는 2년으로 하되, 한 차례만 연임할 수 있다. 다만, 보궐위원의 임기는 전임자 임기의 남은 기간으로 한다.

⑦ 위원회를 구성할 때에는 위촉직 위원 중 특정 성별이 위촉직 위원 수의 100분의 60을 넘지 않도록 노력하여야 한다

제9조(위원의 제척·기피·회피) ① 위원이 다음 각 호의 어느 하나에 해당하는 경우에는 위원회의 심의등에서 제척된다.

1. 위원 또는 그 배우자나 배우자이었던 사람이 해당 안건의 당사자(당사자가 법인·단체 등인 경우에는 그 임원을 포함한다)가 되거나 그 안건의 당사자와 공동권리자 또는 공동의무자인 경우

2. 위원이 해당 안건의 당사자와 친족이거나 친족이었던 경우

3. 위원이 해당 안건에 대하여 자문, 연구, 용역(하도급을 포함한다), 감정, 증언, 진술, 수사, 감사 등을 한 경우

4. 위원이나 위원이 속한 법인·단체 등이 해당 안건의 자문·고문 등을 행하고 있는 사람의 대리인이거나 대리인이었던 경우

5. 위원이나 위원이 속한 법인·단체 등이 해당 안건 당사자의 대리인이거나 대리인이었던 경우

6. 위원이 임원 또는 직원으로 재직하고 있거나 최근 3년 내에 재직하였던 기업 등이 해당 안건에 관하여 자문, 연구, 용역(하도급을 포함한다), 감정 또는 조사 등을 한 경우

7. 그 밖에 위원이 심의등의 안건과 직접적인 이해관계가 있다고 인정되는 경우

② 해당 안건의 당사자는 제1항 각 호의 어느 하나에 해당하여 위원에게 공정한 심의등을 기대하기 어려운 경우에는 위원회에 기피 신청을 할 수 있고, 위원장의 결정으로 해당 위원은 그 심의등에 참여할 수 없다.

③ 위원이 제1항에 따른 제척 사유에 해당하는 경우에는 스스로 해당 안건의 심의등에서 회피하여야 한다.

제10조(위원의 해촉) 도지사는 위원이 다음 각 호의 어느 하나에 해당하는 경우에는 해당 위원의 위촉을 해제할 수 있다.

1. 심신장애나 그 밖에 의원의 개인사정으로 인하여 직무를 수행할 수 없게 된 경우

2. 위원회의 업무수행과 관련하여 알게 된 비밀을 누설하거나 심의업무와 관련하여 민원을 야기한 경우

3. 위원 스스로가 위촉의 해제를 원하는 경우

4. 직무태만, 품위손상이나 그 밖의 사유로 인하여 위원으로서의 직무를 수행하기에 적합하지 아니하다고 인정되는 경우

5. 6개월을 초과하는 장기연수 등으로 직무를 수행할 수 없게 된 경우

6. 제9조제1항 각 호의 어느 하나에 해당하는 데에도 불구하고 회피하지 아니한 경우

제11조(위원장 등의 직무) ① 위원장은 위원회를 대표하고, 위원회의 업무를 총괄한다.

② 위원장이 부득이한 사유로 그 직무를 수행할 수 없는 때에는 부위원장이 그 직무를 대행한다.

③ 위원장 및 부위원장이 모두 부득이한 사유로 그 직무를 수행할 수 없는 때에는 위원회에서 서로 뽑은 위원이 그 직무를 대행한다.

제12조(간사 등) ① 위원회의 사무를 처리하기 위하여 간사 및 서기를 두되, 간사는 심의 등에 관한 업무 담당 사무관이 되고, 서기는 심의 등에 관한 업무 담당 공무원이 된다.

② 간사는 다음 각 호의 사무를 처리한다.

1. 위원회의 운영에 관한 사항

2. 심의등의 안건 및 회의록의 작성·보관에 관한 사항

3. 위원회 심의등의 결과 정리 및 보고에 관한 사항

4. 그 밖에 위원회의 운영에 필요한 사항

제13조(회의) ① 위원회의 회의는 도지사로부터 심의등의 요청이 있는 경우와 위원장이 필요하다고 인정하는 경우에 위원장이 소집한다.

② 위원회의 회의는 위원장이 매 회의마다 각 분야별 위원이 포함된 11명 이상의 위원을 지정하여 지정위원 과반수의 출석으로 개의하고, 출석위원 과반수의 찬성으로 의결한다.

③ 위원장은 제6조제1항제3호부터 제6호까지에 관한 사항은 심의 신청 접수일부터 30일 이내에 해당 안건을 위원회에 상정하여야 한다. <개정 2017.11.13.>

④ 위원장은 회의 개최 10일 전까지 회의 안건과 심의등에 참여할 위원을 확정하고, 회의개최 7일 전까지 안건을 각 위원에게 알려야 한다. 다만, 대외적으로 기밀 유지가 필요하거나 그 밖에 부득이한 사유가 있는 경우에는 그러하지 아니하다.

⑤ 위원장은 제4항에 따라 심의등에 참여하는 위원이 확정되면 심의등을 신청한 자에게 위원 명단을 알리고, 영 제5조의8에 따라 위원회의 회의록을 공개한다.

⑥ 건축주·설계자 및 심의등의 신청자가 요청하는 경우에는 회의에 직접 참석하여 관람하거나 해당 안건에 대하여 설명할 수 있다.

제14조(사전 기술검토) ① 위원장은 제6조제1항 각 호에 따른 심의등의 사항에 대하여 보다 충분한 기술적 검토가 필요하다고 인정되는 경우에는 위원회 개최 전에 미리 위원에게 사전 기술검토를 요청할 수 있다.? <개정 20173.11.13.>

② 제1항에 따른 사전 기술검토를 요청받은 위원은 이를 검토하고, 위원회 개최 시에 그 검토 결과를 제시한다.

제15조(소위원회) ① 위원장은 위원회의 효율적인 수행이나 위원회에서 위임한 사항의 심의등을 위하여 필요한 경우에는 소위원회를 구성할 수 있다.

② 소위원회의 위원은 위원회의 위원 중에서 해당 심의등의 성격에 따라 매 회마다 5명 이상 15명 이내로 위원회의 위원장이 지명하는 사람이 된다.

③ 소위원회의 위원장은 소위원회의 위원 중에서 호선한다.

④ 소위원회의 위원장 및 위원의 임기는 다음 각 호의 어느 하나에 해당하는 때까지로 한다.

1. 해당 심의가 완료되는 때까지

2. 해당 조사사항의 심의 결정이 완료되는 때까지

3. 해당 현장조사 및 보고가 완료되는 때까지

⑤ 소위원회는 다음 각 호의 사항을 심의한다.

1. 위원회가 소위원회에서 심의하도록 위임한 사항

2. 제19조제3항 및 제4항에 따른 현장조사 등에 관한 사항

3. 제5조제2항에 따라 승인을 받은 건축물의 변경에 관한 사항 [신설 2025.9.26.]

4. 「한옥 등 건축자산의 진흥에 관한 법률」 제25조에 따른 한옥 건축 및 한옥마을 조성 지원 등에 관한 사항 [신설 2025.9.26.]

5. 그 밖에 도지사가 위원회의 심의사항 중 소위원회에서 심의하는 것이 효율적이라고 인정하는 사항 [제3호에서 이동 <2025.9.26.>]

⑥? 소위원회의 의결에 관하여는 제13조제2항을 준용하고 그 밖의 사항에 관하여는 위원회에서 정하는 규정에 따르며, 제5항제1호, 제3호, 제4호 및 제5호의 심의사항에 대하여는 위원회의 의결을 거친 것으로 본다. <개정 2025.9.26.>

⑦ 소위원회는 제19조제3항 및 제4항에 따른 현장조사 등의 요구가 있는 경우에는 규칙으로 정하는 바에 따라 현장조사보고서를 작성하여 위원회에 제출한다.

제16조(전문위원회) ① 제6조제3항 각 호에 따른 전문위원회의 위원은 위원회의 위원 중에서 해당 심의사항 등의 성격에 따라 매 회마다 5명 이상 15명 이내로 위원회의 위원장이 지명하는 사람으로 한다. <개정 2017.11.13.>

② 전문위원회의 위원장은 전문위원회의 위원 중에서 호선한다.

③ 전문위원회의 위원장 및 위원의 임기는 해당 심의가 완료되는 때까지로 한다.

④ 전문위원회는 다음 각 호의 사항을 심의한다.

1. 제6조제1항제3호에 따른 도지사의 승인사항에 대한 질의민원 사항 <개정 2017.11.13.>

2. 법 제4조의7제4항에 따른 건축민원 심의 신청 사항

3. 그 밖에 위원회가 전문위원회에서 심의하는 것이 효율적이라고 인정하는 사항

⑤ 전문위원회의 의결에 관하여는 제13조제2항을 준용하고, 그 밖의 사항은 위원회에서 정한 규정에 따른다.

제17조(질의민원의 심의 신청) 법 제4조의5에 따라 제16조제4항제1호 및 제2호에 해당하는 질의민원 심의를 신청하려는 사람은 규칙에서 정하는 신청서를 건축민원전문위원회에 제출하여야 한다.

제18조(건축민원전문위원회 사무국 설치) ① 법 제4조의8에 따라 건축민원전문위원회의 사무를 효율적으로 처리하기 위하여 위원회에 사무국을 둔다.

② 사무국에는 다음 각 호의 사무를 처리하기 위하여 사무국장 및 심사관을 둔다.

1. 건축민원전문위원회의 심의·운영에 관한 사항

2. 건축물의 건축등과 관련된 민원처리에 관한 업무지원 사항

3. 그 밖에 위원장이 정하는 사항

③ 사무국장은 경기도 소속 4급상당 공무원 중에서 도지사가 지명하는 사람으로 한다.

④ 심사관은 5급상당 공무원 및 담당공무원으로 한다.

⑤ 도지사는 특정 사건에 관한 전문적인 사항의 처리를 위하여 관계 전문가를 위촉하여 제2항 각 호의 사무를 하게 할 수 있다.

제19조(심의사항의 반영) ① 위원회의 심의사항 중 조건을 붙여서 의결된 경우, 시장·군수는 부득이한 경우를 제외하고는 허가 또는 승인 시 그 조건을 반영하여야 한다.

② 위원회는 업무수행을 위하여 필요하다고 인정하는 경우에는 위원회에 관계 전문가를 출석시켜 진술하게 하거나 관계기관·단체에 대하여 자료의 제출을 요구할 수 있다.

③ 위원회는 해당 회의에서의 심의?결정을 위하여 필요하다고 인정하는 경우에는 해당 심의사항의 설계자 등에게 설명을 들을 수 있으며, 소위원회로 하여금 심의?결정의 요건이 되는 내용의 확인을 위한 현장조사 등을 하게 할 수 있다.

④ 위원장은 위원회에서 이미 심의한 사항에 대하여 사후확인 등 업무와 관련하여 추가적인 조사가 필요하다고 인정하는 경우에는 소위원회로 하여금 이를 조사하게 할 수 있다.

제20조(수당 등) ① 위원회에 출석한 위원 중 공무원이 아닌 위원에 대하여는 예산의 범위 안에서「경기도 위원회 수당 및 여비 지급 조례」로 정하는 바에 따라 수당·여비 등의 실비를 지급할 수 있다. <개정 2023.7.18.>

② 제14조에 따라 사전 기술검토에 참여한 위원 중 공무원이 아닌 위원에 대하여는 별도의 사전 기술검토수당을 지급할 수 있다.

제21조(비밀준수) 위원회의 위원과 위원회의 업무에 관여한 사람은 그 업무수행과 관련하여 알게 된 비밀을 누설하여서는 아니 된다.

제3장 공사감리자의 모집 및 지정 [신설 2016.12.16.]

제22조(공사감리자의 모집) ① 법 제25조제2항 및 영 제19조의2제2항에 따라 도지사는 공사감리자 명부를 작성·관리하기 위하여 매년 1회 이상 정기적으로 공사감리자를 공개모집하여야 한다. 이 경우 공개모집은 도 및 시·군, 건축사협회 홈페이지 등을 통하여 20일 이상 공고하여야 한다.

② 제1항에 따른 공개모집은 다음 각 호의 어느 하나에 해당하는 자를 대상으로 한다. <개정 2017.11.13., 2020.11.12.>

1. 다중이용 건축물의 경우: 도내에서 「건축사법」 제23조제1항에 따라 건축사사무소의 개설 신고를 한 건축사 및 「건설기술진흥법」 제26조제1항에 따라 등록한 건설엔지니어링사업자 [신설 2020.11.12.] <개정 2024.3.20.>

2. 그 밖의 경우: 도내에서 「건축사법」 제23조제1항에 따라 건축사사무소의 개설 신고를 한 건축사 [신설 2020.11.12.]

③ 도지사는 공개모집에 응모한 건축사 및 건설엔지니어링사업자를 대상으로 「경기도 건축 조례 시행규칙」 별지 제7호서식에 따라 공사감리자 명부를 작성·관리하고, 이를 경기도와 관할 시·군의 인터넷 홈페이지 등을 통해 일반에 공개하여야 한다. 이 경우 도지사는 시장ㆍ군수와 협의하여 공사감리업무량 및 건축사의 분포 등을 고려하여 다음 각 호의 사항을 고시할 수 있으며, 제2호의 경우 관련 협회 및 기관의 의견을 청취할 수 있다.
<개정 2020.11.12., 2024.3.20.> [후단개정 2024.3.20.]

1. 공사감리자 명부의 작성기준ㆍ활용ㆍ관리ㆍ공개여부 등에 관한 사항 [신설 2024.3.20.]

2. 공사감리자 명부 작성을 위한 권역의 설정 및 등록신청 기준에 관한 사항 [신설 2024.3.20.]
[본조신설 2016.12.16.]

제23조(공사감리자의 지정) ① 영 제19조의2제4항에 따라 허가권자가 공사감리자를 지정하는 경우에는 제22조제3항에 따라 작성된 공사감리자 명부에 등재된 자 중에서 무작위 선정하여 지정하는 것을 원칙으로 한다. 다만 다음 각 호에 해당하는 자는 지정할 수 없다.

1. 업무정지나 휴업 기간 중에 있는 자

2. 특별한 사유 없이 2회 이상 공사감리자 지정을 거부한 자

3. 건축사사무소 및 건설엔지니어링업을 폐업하거나 건축사 자격 및 건설엔지니어링업 등록이 취소 된 자 <개정 2020.11.12., 2024.3.20.>

4.공사감리자가 특별한 사유로 감리업무 진행이 어려워 지정 제외를 요청한 자

5. 공사감리와 관련하여 건축주 등에게 계약한 대가 이외의 금품을 요구 또는 수수한 자

② 허가권자는 제1항에 따라 지정한 공사감리자를 7일 이내에 해당 건축주, 공사감리자 및 도지사에게 통보하고, 지정내역을 공사감리자 지정대장에 기록하여 관리하여야 한다.

③ 제22조제3항에 따라 공사감리자 명부에 등재된 건축사 및 건설엔지니어링사업자는 다음 각 호의 어느 하나에 해당하는 사유가 발생한 경우에는 다음 각 호에서 정한 서류를 7일 이내에 허가권자에게 제출하여야 한다. 다만, 기한 내 관련 서류를 제출하지 아니한 건축사는 공사감리자 지정에서 제외할 수 있다. <개정 2020.11.12., 2024.3.20.>

1. 다음 각 목의 어느 하나에 해당하는 사유로 감리업무를 수행할 수 없는 경우 : 연기요청서

가. 지병으로 인한 치료 또는 입원한 경우

나. 국내외 장기 출장을 간 경우

다. 등록명부에 등록된 건축사가 상주감리원으로 감리업무를 수행하게 된 경우

라. 그 밖의 부득이한 사유로 감리업무 수행이 불가능하게 된 경우. 이 경우 그 사실을 증명하는 서류를 제출한다.

2. 건축사사무소 및 건설엔지니어링업 개설·등록 사항에 변경이 생겼을 경우: 변경사항이 기재된 신고확인증·등록증 사본 <개정 2020.11.12., 2024.3.20.>

3. 「건축법」, 「건축사법」 및 「건설기술진흥법」 등 관련법령에 따른 업무정지 처분 이상의 행정처분을 받은 경우: 처분서 사본 <개정 2020.11.12.>

④ 허가권자는 제3항에 따라 제출받은 사항을 지체 없이 도지사에게 통보하여야 한다.? <개정 2017.11.13.>
[본조신설 2016.12.16.]

제24조(공사감리계약 및 지정 취소) ① 공사감리자 지정을 통보받은 건축주와 공사감리자는 지정을 통보 받은 후 14일 이내에 계약을 체결하여야 하며, 특별한 사유 없이 계약을 체결하지 않은 경우 해당 공사감리자 지정을 취소 할 수 있다.

② 제1항에 따라 공사감리자 지정이 취소된 경우에 건축주는 허가권자에게 다시 공사감리자 지정 신청을 하여야 한다.
[본조신설 2016.12.16.]

제25조(공사감리자 등록명부 관리 등 대행) 도지사 및 시장·군수는 제22조제3항에 따른 공사감리자 명부의 작성·관리 업무와 제23조제2항에 따른 공사감리자 지정대장 관리 업무를 관련 협회 및 기관에서 대행하게 할 수 있다.
[본조신설 2016.12.16.]

제4장 업무대행건축사의 모집 및 지정 [신설 2021.5.20.]

제26조(업무대행건축사의 모집) ① 도지사는 법 제27조제1항 및 영 제20조제2항에 따라 업무대행건축사 명부를 작성ㆍ관리하기 위하여 매년 1회 이상 정기적으로 업무대행건축사를 공개 모집하여야 한다. 이 경우 공개모집은 도 및 시ㆍ군 홈페이지와 건축사협회 홈페이지 등을 통하여 20일 이상 공고하여야 한다.

② 제1항에 따른 공개모집은 경기도 내에서 「건축사법」 제23제1항에 따라 건축사사무소의 개설 신고를 한 건축사를 우선으로 할 수 있다.

③ 도지사는 공개모집에 응모한 건축사를 대상으로 업무대행건축사 명부를 작성ㆍ관리하고, 이를 도와 담당 시ㆍ군의 홈페이지 등을 통해 일반에 공개하여야 한다. 이 경우 도지사는 시장ㆍ군수와 협의하여 업무대행건축사 지정을 위한 권역을 설정할 수 있다.
[본조신설 2021.5.20.]

제27조(업무대행건축사의 지정) ① 영 제20조제3항에 따라 허가권자가 업무대행건축사를 지정하는 경우에는 제26조제3항에 따라 작성된 업무대행건축사 명부에 등재된 자 중에서 무작위로 선정하여 지정하는 것을 원칙으로 한다.

② 허가권자는 제1항에 따른 지정내역을 업무대행건축사 지정대장에 기록하여 관리하여야 한다.

③ 허가권자는 다음 각 호에 해당하는 자는 업무대행건축사로 지정할 수 없다.

1. 업무정지나 휴업 기간 중에 있는 자

2. 특별한 사유 없이 2회 이상 업무대행건축사 지정을 거부한 자

3. 건축사사무소를 폐업하거나 건축사 자격을 반납한 자

4. 업무대행건축사가 특별한 사유로 업무대행업무 진행이 어려워 지정 제외를 요청한 자

5. 업무대행과 관련하여 건축주 등에게 금품을 요구하거나 수수한 자

④ 제26조제3항에 따라 업무대행건축사 명부에 등재된 건축사는 다음 각 호의 어느 하나에 해당하는 사유가 발생한 경우에는 허가권자에게 각 호에서 정한 서류를 사유 발생일로부터 7일 이내에 제출하여야 한다. 다만, 기한 내 관련 서류를 제출하지 아니한 건축사는 업무대행건축사 지정에서 제외할 수 있다.

1. 다음 각 목의 어느 하나에 해당하는 사유로 업무를 수행할 수 없는 경우 : 연기요청서와 이를 증명하는 서류

가. 지병으로 치료하거나 입원한 경우

나. 국내외 장기 출장을 간 경우

다. 그 밖의 부득이한 사유로 업무 수행이 불가능하게 된 경우

2. 건축사사무소 개설 사항에 변경이 생겼을 경우 : 변경사항이 기재된 신고확인증 사본

3. 「건축법」, 「건축사법」 등 관련법령에 따른 업무정지 처분 이상의 행정처분을 받은 경우 : 처분서 사본

⑤ 허가권자는 제4항에 따라 지정제외 사유를 제출 받은 경우 제외 사유를 지체 없이 도지사에게 통보하여야 한다.

제28조(업무대행건축사 지정 취소) ① 업무대행건축사 지정 통보를 받은 자는 허가권자가 정하는 바에 따라 대행하는 업무를 보고하여야 한다.

② 허가권자는 업무대행건축사가 다음 각 호에 해당되는 경우 업무대행건축사 지정을 취소할 수 있다.

1. 특별한 사유없이 업무를 수행하지 않는 경우

2. 업무대행과 관련하여 건축주 등에게 금품을 요구하거나 수수한 경우

③ 제2항에 따라 업무대행건축사 지정이 취소된 경우 허가권자는 다른 업무대행건축사를 지정할 수 있다.

제29조(관리업무의 대행) 도지사 및 시장ㆍ군수는 제26조제3항에 따른 업무대행자 명부의 작성ㆍ관리 업무와 제27조제2항에 따른 업무대행자 지정대장 관리 업무를 효율적으로 수행하기 위하여 관련 협회 및 전문기관에서 업무를 대행하게 할 수 있다.

제5장 지역건축안전센터 [신설 2016.12.16.] <개정 2020.11.12., 2021.5.20.>

제30조(지역건축안전센터 설치·운영) ① 도지사는 법 제87조의2에 따라 건축물의 안전점검 및 건축공사장의 안전사고 예방 등 지역 내 건축물의 안전관리를 위하여 지역건축안전센터를 설치·운영하여야 한다.

② 도에 설치하는 지역건축안전센터의 업무는 다음과 같다.

1. 법 제87조의2제1항제1호 및 제2호에 따른 업무

2. 건축물의 안전에 관한 조사연구 및 안전관리에 대한 정책개발과 안전에 관련된 제도개선

3. 건축물의 안전점검계획 수립 및 지원. 다만, 다른 법령에서 안전관리계획 수립 및 안전점검을 받도록 규정한 건축물은 해당 법령에서 정한 바에 따른다.

4. 건축물 생애 전반의 안전 확보 및 체계적인 관리에 관한 사항

5. 건축공사장 안전관리에 관한 계획 수립

6. 건축허가 사전승인에 필요한 건축물과 관련된 모든 계획 및 구조안전 등 검토

7. 시·군 지역건축안전센터 기술 및 제도 지원

8. 그 밖에 도지사가 건축물의 안전을 위하여 필요하다고 인정하는 사항
[본조신설 2020.11.12.][제목개정 2020.11.12., 2021.5.20.]

제6장 보칙 <개정 2021.5.20.>

제31조(건축물의 마감재료) 법 제52조에 따라 영 제61조에 해당하는 건축물의 벽ㆍ반자ㆍ지붕(반자가 없는 경우에 한정한다) 등 내부의 마감재료는 방화에 지장이 없는 재료로 하되, 미세먼지 등의 오염물질을 저감할 수 있도록 「실내공기질 관리법」 제5조 및 제6조에 따른 실내공기질 유지기준 및 권고기준을 고려하고 「건축물의 피난ㆍ방화구조 등의 기준에 관한 규칙」 제24조에 해당하는 기준을 적용하여야 한다.
[본조신설 2021.7.14.]

제32조(시행규칙) 이 조례의 시행에 필요한 사항은 규칙으로 정한다.

부칙 <2015.12.31.>
이 조례는 공포한 날부터 시행한다.

부칙 <2016.12.16.>
이 조례는 공포한 날부터 시행한다.

부칙 <2017.11.13.>
제1조(시행일)이 조례는 공포한 날부터 시행한다.

제2조(공사감리자의 공개모집 대상에 관한 적용례)제22조제2항의 개정규정은 이 조례 시행 후 최초로 제22조제1항에 따라 공사감리자를 공개모집하는 경우부터 적용한다.

부칙(경기도 조례 용어 등 일괄정비조례) <제6358호, 2019.10.31.>
이 조례는 공포한 날부터 시행한다.

부 칙(경기도 행정기구 및 정원 조례) <제6734호, 2020.10.1.>
제1조(시행일)이 조례는 공포한 날부터 시행한다.

제2조(다른 조례의 개정)①? 경기도 건축 조례 일부를 다음과 같이 개정한다.

제7조의 제목 “(황해경제자유구역청 건축위원회의 설치 등)”을 “(경기경제자유구역청 건축위원회의 설치 등)”으로 하고, 같은 조 제1항 중 “황해경제자유구역청 건축위원회(이하“황해청 위원회”라 한다)”를 “경기경제자유구역청 건축위원회(이하“경기경제청 위원회”라 한다)”로 하며, 같은 조 제2항 각 호 외의 부분 중 “황해청”을 “경기경제청”으로 하고, 같은 항 제2호 중 “황해경제자유구역”을 “경기경제자유구역”으로 하며, 같은 항 제3호 중 “황해경제자유구역청장”을 “경기경제자유구역청장”으로 하고, 같은 조 제3항 중 “황해청”을 각각 “경기경제청”으로 한다.

② 항 부터 ④항 생략

부 칙 <2020.11.12.>
이 조례는 공포한 날부터 시행한다.

부 칙 <2021.5.20.>
제1조(시행일)이 조례는 공포한 날부터 시행한다. 다만, 제26조부터 제29조까지 개정규정은 2021년 7월 9일부터 시행한다.

제2조(건축허가 사전승인에 관한 경과조치)제5조제1항제1호의 단서 규정에도 불구하고 이 조례 시행 전에 건축허가를 받았거나 건축허가를 신청한 경우 또는 건축위원회의 심의를 신청한 경우에 대해서는 종전의 규정에 따른다.

부 칙 <2021.7.14.>
제1조(시행일)이 조례는 공포한 날부터 시행한다.

제2조(건축물의 마감재료에 관한 적용례)제31조의 개정규정은 이 조례 시행 후 최초로 건축허가를 신청하거나 건축신고를 하는 경우부터 적용한다.

부 칙 <2022.3.4.>
제1조(시행일)이 조례는 공포 후 6개월이 경과한 날로부터 시행한다.

제2조(다중생활시설의 건축기준에 관한 적용례)제3조의2 개정 규정은 이 조례 시행 이후 법 제11조에 따른 건축허가의 신청(건축허가를 신청하기 위하여 법 제4조의2제1항에 따라 건축위원회에 심의를 신청하는 경우를 포함한다), 법 제14조에 따른 건축신고 또는 법 제19조에 따른 용도변경 허가(같은 조에 따른 용도변경 신고 또는 건축물대장 기재내용의 변경신청을 포함한다)의 신청을 하거나 같은 조 제3항 단서에 따른 용도변경을 하는 경우부터 적용한다.

부 칙(경기도 위원회 수당 및 여비 지급 조례) <제7667호, 2023.7.18.>
제1조(시행일)이 조례는 공포한 날부터 시행한다.

제2조(다른 조례의 개정)[1] ~ [12] 생략

[13] 「경기도 건축 조례」 일부를 다음과 같이 개정한다. 제20조 중 “「경기도위원회실비변상조례」”를 “「경기도 위원회 수당 및 여비 지급 조례」”로 한다.

[14] ~ [255] 생략

부 칙 <2024.3.20.>
이 조례는 공포한 날부터 시행한다. 다만, 제3조 및 제4조 개정규정은 공포 후 6개월이 경과한 날부터 시행한다.

부 칙 <2024.5.16.>
이 조례는 공포한 날부터 시행한다.

부 칙 <2025.9.26.>
이 조례는 공포한 날부터 시행한다.",www.elis.go.kr/allalr/selectAlrBdtOne?alrNo=41000016012058&histNo=033&menuNm=main
G_002,경기도,경기도 건축기본조례,건축 정책,공공 정책적 지침,"건축 정책 수립, 공공건축 관리",경기도 내 공공/민간 건축물,"제1장 총칙

제1조(목적) 이 조례는 「건축기본법」 및 「건축기본법 시행령」에서 조례로 정하도록 위임된 사항과 그 시행에 관하여 필요한 사항을 규정함을 목적으로 한다.

제2조(기본방향) 이 조례는 「건축기본법」(이하 “법”이라 한다) 제2조의 기본이념에 따라 건축정책수립과 건축문화 진흥으로 도민의 삶의 질 향상과 복리증진에 이바지함을 기본방향으로 한다.

제3조(다른 조례와의 관계) 건축에 관한 다른 조례를 제정 또는 개정하는 경우에는 이 조례의 목적과 기본방향에 맞도록 하여야 한다.

제2장 건축정책의 수립

제4조(도 건축기본계획의 수립 등) ① 경기도지사(이하 “도지사”라 한다)는 법 제12조 제1항에 따라 경기도(이하 “도”라 한다) 건축정책에 관한 기본계획(이하 “도 건축기본계획”이라 한다)을 5년마다 수립ㆍ시행하여야 한다.

② 제1항에 따라 도 건축기본계획을 수립하거나 변경하는 경우에는 공청회 등을 거쳐 의견을 수렴하고 경기도의회의 의견을 청취한 후 제8조에 따른 위원회의 심의를 거쳐 이를 확정한다.

③ 도지사는 도 건축기본계획이 확정된 때에는 주요내용을 경기도보(이하 “도보”라 한다)에 고시하여야 한다.

제5조(도 건축기본계획의 내용) 「건축기본법 시행령」(이하 “영”이라 한다) 제4조제1항에 따라 도 건축기본계획에는 다음 각 호의 사항이 포함되어야 한다. <개정 2016.5.17.>

1. 건축의 현황 및 여건변화, 전망에 관한 사항

2. 건축정책의 기본목표 및 추진방향

3. 도시경관 향상을 위한 통합된 건축디자인에 관한 사항

4. 도의 건축에 관한 발전 및 지원대책

5. 건축디자인 등 건축의 국제경쟁력 향상에 관한 사항

6. 건축문화 기반구축에 관한 사항

7. 건축문화 진흥을 위한 도민 교육과 홍보에 관한 사항

8. 우수한 건축물 또는 공간환경의 보존에 관한 사항

9. 한옥의 보전 및 진흥에 관한 사항

10. 건축문화진흥 관련 주민자치기구의 설립과 운영 지원 등 주민참여 방안에 관한 사항

11. 건축디자인 시범사업 지정에 관한 사항

12. 녹색건축 생태계 조성 및 활성화에 관한 사항 [신설 2024.3.20.]

13. 그 밖에 건축문화 진흥과 건축물 및 공간환경의 개선을 위하여 도지사가 필요하다고 인정하는 사항 [제12호에서 이동 <2024.3.20.>]

제6조(도 건축기본계획의 경미한 사항의 변경) 영 제4조제2항에 따라 도 건축기본계획 중 해당계획의 기본방향에 중대한 영향을 미치지 아니하는 다음 각 호의 경미한 사항을 변경하는 경우에는 제4조제2항에 따른 절차를 생략할 수 있다. <개정 2016.5.17.>

1. 제5조제1호, 제5호부터 제8호까지, 제10호, 제12호에 해당하는 사항

2. 그 밖에 도지사가 도 건축기본계획의 기본방향에 중대한 영향을 미치지 아니하다고 인정하는 경우

제7조(도 건축기본계획의 반영) 법 제12조제1항에 따라 시장ㆍ군수가 건축정책에 관한 기본계획을 수립하거나 변경하고자 하는 때에는 도 건축기본계획을 반영하여야 한다.

제3장 건축정책위원회

제8조(위원회의 설치 등) ① 법 제18조에 따라 도 건축분야에 대한 다음 각 호의 사항을 심의ㆍ시행ㆍ자문하기 위하여 도지사 소속으로 경기도건축정책위원회(이하 “위원회”라 한다)를 둔다.

1. 법 제19조에 따른 각 호의 사항에 관한 사무

2. 법 제22조에 따른 건축디자인 시범사업의 지정 등에 관한 사항

3. 제12조에 따른 재정지원에 관한 사항

4. 제13조에 따른 건축디자인 기준의 설정에 관한 사항

5. 제14조에 따른 건축디자인 조정위원회에 관한 사항

6. 이 조례 및 다른 법령에서 위원회의 조정 및 심의를 받도록 한 사항

7. 그 밖에 건축물 및 공간환경의 개선과 건축문화 진흥을 위하여 도지사가 요청하는 사항

② 제1항의 위원회의 기능은 「경기도 건축조례」제6조에 따라 설치된 경기도 건축위원회에서 대신 운용한다. <개정 2016.5.17.>

제9조(관계기관 등에의 협조요청) ① 위원회는 업무를 수행하기 위하여 필요한 경우 관계공무원 또는 관계자를 위원회에 참석하게 하여 의견을 듣거나 자료 및 의견의 제출 등 필요한 협조를 요청할 수 있다.

② 위원회는 업무를 수행하기 위하여 필요한 경우 관계전문가 또는 관계기관ㆍ단체 등에 조사 또는 연구를 의뢰할 수 있다.

제10조(수당 등) ① 위원회에 출석한 위원 중 공무원이 아닌 사람에 대하여는 예산의 범위에서 「경기도 위원회 수당 및 여비 지급 조례」로 정하는 바에 따라 수당ㆍ여비 등 실비를 지급할 수 있다. <개정 2023.7.18.>

② 제1항 및 제9조에 따라 관계전문가 등에 조사 또는 연구를 의뢰하거나 자료 등을 요청한 경우와 위원회의 요청에 따라 참석한 사람에 대하여는 예산의 범위에서 필요한 경비를 지급할 수 있다. 다만, 공무원인 사람이 소관업무와 직접 관련하여 위원회에 협조하는 경우에는 그러하지 아니하다.

제11조(비밀준수 의무) 위원회의 위원과 위원회에 출석하거나 업무에 관여한 사람은 그 업무상 알게 된 비밀을 누설하여서는 아니 된다.

제4장 건축문화의 진흥

제12조(재정지원 및 감독) ① 도지사는 건축물 및 공간환경의 개선과 건축문화의 진흥을 위하여 다음 각 호에 해당하는 사업에 대하여 「경기도 지방보조금 관리 조례」에 따라 사업비의 전부 또는 일부를 보조할 수 있다.

1. 건축문화 관련 시설의 설립 및 운영

2. 출판·전시·축제 등 건축문화 관련 사업

3. 도민의 건축이해 증진을 위한 교육

4. 건축 관련 해외 진출 및 국제교류

5. 법 제21조에 따른 건축디자인 기준의 설정

6. 법 제22조에 따른 건축디자인 시범사업

7. 그 밖에 도지사가 필요하다고 인정하는 사업

② 제1항에 따라 지원하는 보조금의 교부ㆍ정산ㆍ감독 등에 대한 사항은 「경기도 지방보조금 관리 조례」의 규정에 따른다.

[전문개정 2016.5.17.]
제13조(건축디자인 기준의 설정) ① 도지사는 법 제21조제3항에 따라 건축디자인 기준을 따로 정할 수 있다. <개정 2013.8.5., 2016.5.17.>

② 도지사는 제1항에 따른 건축디자인의 기준을 정하거나 변경할 때에는 공청회와 위원회의 심의를 거쳐 확정하여야 한다. 다만, 관계법령의 제ㆍ개정 및 국가기본계획의 변경 등 명백한 사유가 발생한 경우에는 공청회를 개최하지 아니하고 위원회의 심의를 거쳐 변경할 수 있다.

③ 도지사는 건축디자인의 기준을 정하거나 변경한 때에는 주요내용을 도보에 공고하여야 한다.

제14조(건축디자인 조정위원회) ① 영 제20조제3항에 따라 위원회가 특별히 중요하다고 인정한 시범사업의 사업자는 시범사업의 건축디자인에 관한 조정 및 심의를 담당할 건축디자인 조정위원회를 위원장 1명을 포함한 15명 이내의 관련 전문가로 구성ㆍ운영하여야 한다.

② 제1항에 따른 건축디자인 조정위원회는 다음 각 호의 어느 하나에 해당하는 사람 중에서 구성한다.

1. 건축계획ㆍ도시계획ㆍ건축조경ㆍ교통ㆍ생태환경ㆍ건축경관ㆍ건축문화ㆍ건축디자인분야 등 건축에 관한 풍부한 경험과 학식을 갖춘 사람

2. 그 밖에 시범사업의 시행자가 해당 시범사업을 위하여 특히 필요하다고 인정하는 사람

③ 제1항에 따른 건축디자인 조정위원회의 구성 및 운영 등에 필요한 사항은 위원회에서 정할 수 있다.

④ 제1항과 제2항에 따라 구성하는 위원 중 해당 시범사업에 용역ㆍ자문ㆍ연구와 그 밖의 방법으로 직접 관여하였거나 관여하고 있는 사람 또는 이해관계가 있다고 인정되는 사람은 제외하여야 한다.

⑤ 건축디자인 조정위원회에서 결정한 디자인에 관한 사항은 위원회의 심의를 받은 것으로 본다.

제15조(시행규칙) 이 조례의 시행에 관하여 필요한 사항은 규칙으로 정한다.

부칙 <2010.5.14.>
제1조(시행일)이 조례는 공포한 날부터 시행한다.

제2조(다른 조례의 개정)「경기도 건축조례」 일부를 다음과 같이 개정한다.

제6조의2를 다음과 같이 신설한다.제6조의2(경기도 건축기본조례에서 대행하게 한 사항의 처리에 관한 특례) ① 건축위원회가 「경기도 건축기본조례」 제8조제2항에 따라 대신 운용하도록 한 사항을 심의ㆍ시행ㆍ자문하는 위원회는 위원장을 포함한 25명 이내의 위원으로 구성하고 위원장은 건축위원회 위원장이 되며, 부위원장은 위원들이 위원 중에서 선출한다. ② 제1항의 위원은 건축위원회 위원 중에서 도지사가 임명 또는 위촉한다. ③ 제1항의 위원회는 재적위원 과반수의 출석으로 개의하고, 출석위원 과반수의 찬성으로 의결한다.

부칙(경기도 조례 중 중앙행정기관 명칭 등 일괄정비 조례) <제4576호, 2013.8.5.>
이 조례는 공포한 날부터 시행한다.

부칙(경기도 조례 중 용어 일괄정비 조례) <제4651호, 2013.12.2.>
이 조례는 공포한 날부터 시행한다.

부칙(경기도 지방보조금 관리 조례) <제4807호, 2014.12.31.>
제1조(시행일)이 조례는 2015년 1월 1일부터 시행한다.

제2조(다른 조례의 폐지)생략

제3조(경과조치)생략

제4조(다른 조례의 개정)①항 부터 ③항 생략

④ 경기도 건축기본조례 일부를 다음과 같이 개정한다. 제12조제2항 중 “경기도 보조금의 예산 및 관리에 관한 조례”를 “경기도 지방보조금 관리 조례”로 한다.

⑤항 부터 (53)항 생략

부칙 <2016.5.17.>
이 조례는 공포한 날부터 시행한다.

부 칙(경기도 위원회 수당 및 여비 지급 조례) <제7667호, 2023.7.18.>
제1조(시행일)이 조례는 공포한 날부터 시행한다.

제2조(다른 조례의 개정)[1] ~ [13] 생략

[14] 「경기도 건축기본조례」 일부를 다음과 같이 개정한다. 제10조 중 “「경기도위원회실비변상조례」”를 “「경기도 위원회 수당 및 여비 지급 조례」”로 한다.

[15] ~ [255] 생략

부 칙 <2024.3.20.>
이 조례는 공포한 날부터 시행한다.",www.elis.go.kr/allalr/selectAlrBdtOne?alrNo=41000016012004&histNo=007&menuNm=main
G_003,경기도,경기도 건축물 미술작품 설치 및 관리에 관한 조례,건축 미술,절차적 의무 및 사후 관리,"미술작품 설치 심의, 사후 관리",일정규모 이상 건축물,"제1장 총칙

제1조(목적) 이 조례는 「문화예술진흥법」 및 같은 법 시행령에서 위임한 건축물 미술작품의 설치와 관리 등에 관한 사항을 규정함으로써 건축물 미술작품이 공정하고 객관적으로 설치되고, 적절하게 유지·관리되도록 하여 건축물 미술작품의 질적 향상과 도민의 문화 향유권 확대를 목적으로 한다.

제2장 건축물에 대한 미술작품의 설치

제2조(건축물 미술작품 설치에 사용하는 건축비용의 비율) 「문화예술진흥법」(이하 “법”이라 한다) 제9조제3항 및 같은 법 시행령(이하 “영”이라 한다) 제12조제5항 및 별표 2에 따라 건축물 미술작품(이하 “미술작품”이라 한다)에 사용해야 하는 건축비용의 비율은 다음 각 호와 같다.

1. 영 제12조제1항제1호의 공동주택: 건축비용의 1천분의 1

2. 영 제12조제1항제2호부터 제10호까지의 건축물: 건축비용의 1천분의 5

3. 영 제12조제1항제1호부터 제10호까지의 건물로서 건축주가 국가 또는 지방자치단체인 건축물: 건축비용의 1백분의 1

제3조(미술작품의 설치 등) ① 경기도지사(이하 “도지사”라 한다)는 영 제12조제1항에 따른 건축물을 건축하고자 하는 자(이하 ""건축주”라 한다)에게 법 제9조에 따라 미술작품을 설치하거나 법 제16조제1항에 따른 문화예술진흥기금(이하 ""기금”이라 한다)에 출연할 의무가 있음을 알려야 한다.

② 건축주는 건축공사 착공신고서 제출 이후 180일 이내에 별지 제1호서식에 따른 건축물 미술작품 심의신청서를 도지사에게 제출하여야 하며, 도지사는 심의 후에 그 심의 결과를 해당 건축주에게 통보하고 도보에 공고하여야 한다.

③ 제1항 및 영 제13조의2제1항에 따라 미술작품을 설치하는 대신 기금을 출연하고자 하는 건축주는 제2항의 기간 안에 영 별지 제5호서식에 따른 기금출연계획서를 도지사 및 법 제20조에 따른 한국문화예술위원회(이하 “한국문화예술위원회”라 한다)에 제출하여야 한다.

④ 제3항 및 영 제13조의2제2항에 따라 건축주가 출연한 기금에 대하여 도지사는 한국문화예술위원회에서 통보된 기금출연확인서에 따라 그 내역을 기록하고 관리한다.

제4조(공모를 통한 미술작품의 설치) ① 법 제9조제1항에 따라 미술작품을 설치하려는 건축주 중 다음 각 호에 해당하는 자는 미술작품의 수준 향상, 작품선정의 투명성 확보 및 작가의 참여기회 확대를 위하여 공모를 통하여 제작·설치하여야 한다. 다만, 제7조의 경기도 건축물 미술작품 심의위원회가 미술작품의 가격·예술성·안정성 등을 고려하여 공모의 필요성이 없다고 인정하는 경우에는 그러하지 아니하다.

1. 영 제12조제1항제1호의 공동주택의 건축주(「민간임대주택에 관한 특별법」제2조제1호의 민간임대주택은 제외한다)

2. 경기도

3. 「지방공기업법」에 따라 경기도가 설치 또는 설립한 기관

4. 「경기도 출자·출연 기관의 운영에 관한 기본조례」에 따른 출자·출연 기관

② 건축주는 제1항에 따라 미술작품을 공모할 경우에 공모사실을 인터넷 등 공개적인 방법을 통해 알리고, 미술·평론·큐레이터·디자이너·건축·조경·공간·안전 등 관련분야 전문가 등이 참여하는 심사단을 구성하여 작품을 선정하여야 한다.

③ 건축주는 제1항에 따른 미술작품의 공모를 도지사에게 의뢰할 수 있다. 이 경우 도지사가 공모하여 선정한 작품은 경기도 건축물 미술작품 심의위원회의 심의를 거친 것으로 본다.

④ 제3항에 따른 공모를 의뢰할 경우 건축주는 착공일로부터 180일 이내에 별지 제2호서식에 따른 공모신청서를 제출하여야 하며 도지사는 공모절차, 심의방법, 및 작품선정 등에 필요한 사항을 정하여 공고하여야 한다.

⑤ 이 밖에 공모를 통한 미술작품 설치에 필요한 사항은 시행규칙으로 정한다.

제5조(미술작품의 설치 확인) 도지사는「건축법」제22조에 따라 허가권자가 건축물의 사용승인을 하기 전에 미술작품이 제3조제2항에 따른 심의 결과에 따라 설치되었는지를 확인하여야 한다.

제6조(미술작품의 사후 관리) ① 도지사는 제5조에 따라 설치된 미술작품에 대하여는 영 제15조의2 및 별지 제7호서식의 건축물 미술작품 관리대장을 갖추어 두고 정기조사 및 현장 확인 등을 통해 지속적인 사후관리에 노력하여야 한다.

② 설치된 미술작품을 이전·변경하고자 하는 건축주 또는 관리자는 도지사에게 이전 및 변경신청을 하여야 하고, 도지사는 제3조제2항 후단에 따라 처리한 후 제1항에 따라 관리하여야 한다.

③ 건축주 또는 관리자에게 귀책사유가 있는 미술작품의 철거, 훼손, 용도변경, 분실의 경우, 도지사는 영 제15조에 따라 원상회복을 명령할 수 있으며, 이 경우 해당 건축주 또는 관리자는 통보된 날로부터 3개월 이내에 그 이행을 완료하고 도지사에게 확인을 받아야 한다.

제3장 경기도 건축물 미술작품 심의위원회

제7조(경기도 건축물 미술작품 심의위원회의 설치) 미술작품에 대한 다음 각 호의 사항을 심의하기 위하여 영 제14조제1항에 따라 도지사 소속으로 경기도 건축물 미술작품 심의위원회(이하“심의위원회”라 한다)를 둔다.

1. 미술작품의 가격의 적정성

2. 미술작품의 예술성: 공공미술로서의 기능성, 조형성, 독창성 등

3. 미술작품과 건축물 및 환경의 조화, 경관 기여도 등

4. 미술작품의 안전성

5. 미술작품의 설치 위치 적정성

6. 제4조제1항 및 제3항에 따른 공모대상 기준 마련 및 심의

7. 미술작품 관리?보존계획의 적정성 등

8. 설치된 미술작품의 위치변경 및 작품의 교체·철거

제8조(위원회 구성) ① 심의위원회는 위원장과 부위원장 각 1명을 포함한 80명 이내의 위원으로 구성한다.

② 위원장 및 부위원장은 위촉직 위원 중에서 도지사가 위촉한다.

③ 위원은 다음 각 호의 어느 하나에 해당하는 사람 중 도지사가 임명 또는 위촉하는 사람으로 한다. 이 경우 위촉직 위원은 특정 성별이 위촉직 위원수의 10분의 6을 초과하지 않도록 하여야 한다.

1. 경기도의회 의장이 추천하는 경기도의회 의원 5명

2. 심의위원회 업무담당 과장

3. 미술?평론?큐레이터?디자이너?건축?조경?공간?안전 등 관련 분야 전문가

4. 그 밖에 미술작품 심의에 필요하다고 도지사가 인정하는 사람

④ 위촉직 위원의 임기는 1년으로 하되 연임할 수 없으며, 보궐위원의 임기는 전임위원의 남은 임기로 한다.

제9조(위원의 위촉 해제) 도지사는 다음 각 호의 어느 하나에 해당하는 경우에 위원의 위촉을 해제할 수 있다.

1. 임기 중 사망한 경우

2. 금고 이상의 실형을 선고받은 경우

3. 질병·심신쇠약·해외체류 등으로 장기간 직무를 수행할 수 없게 되거나 회의에 장기간 출석하지 아니한 경우

4. 심의에 대하여 비위사실이 있거나 부당하게 영향력을 행사한 경우

5. 직무와 관련하여 알게 된 비밀을 누설하였거나 그 내용을 개인적으로 이용한 경우

6. 직무태만, 품위손상, 불공정한 행위 등의 사유로 부적합하다고 판단될 경우

제10조(위원 제척·기피·회피) ① 위원으로 위촉된 사람은 위촉기간 중에 도내에서의 미술작품에 대한 출품을 할 수 없다.

② 위원은 다음 각 호에 해당되는 경우 해당 심의·의결에서 제척된다.

1. 위원 본인 또는 「민법」 제777조에 따른 친족관계에 있는 사람의 이해와 관련된 사항

2. 위원 위촉일 당시 재직했던 법인 또는 단체의 이해와 관련된 사항

3. 위원이 해당 안건에 관하여 제작?자문?용역?감정을 수행한 경우

4. 위원 또는 위원이 속한 법인?단체 등이 해당 안건의 당사자의 대리인이거나 대리인이었던 경우

5. 그 밖에 위원이 해당 미술작품과 관련 있다고 도지사가 인정하는 사항

③ 심의대상자는 위원의 공정한 심의를 기대하기 어려운 사정이 있으면 심의위원회에 기피신청을 할 수 있다. 이 경우 기피 신청대상이 된 위원의 참여여부는 심의위원회 심의·의결로 결정한다.

④ 위원이 제척·기피사유에 해당하는 경우에는 스스로 그 안건의 심의·의결을 회피하여야 한다.

제11조(위원회 운영) ① 위원장은 위원회를 대표하고 심의를 총괄하며, 부득이한 사유로 직무를 수행할 수 없을 때는 부위원장 또는 위원장이 지명한 위원 또는 연장자 순으로 그 직무를 대행할 수 있다.

② 심의위원회의 회의는 회의마다 위원장과 부위원장을 포함한 10명 이내의 위원으로 구성하여 개최한다.

③ 도지사는 심의위원회를 소집하고자 하는 경우 회의 일시 및 장소, 심의안건 등을 회의 개최 5일 전까지 위원에게 통지하여야 하며 신청인에게는 3일 전까지 통지하여야 한다. 다만, 긴급을 필요로 하거나 부득이한 사유가 있는 경우에는 그러하지 아니하다.

④ 심의위원회의는 제2항에 따른 재적 위원 과반수의 출석으로 개의하고 출석 위원 과반수의 찬성으로 의결한다.

⑤ 미술작품의 평가는 위원별 실명 채점으로 하되 작품별 평가기준과 배점 등에 대하여 자세한 사항은 규칙으로 정한다.

제12조(간사 및 서기) ① 심의위원회의 효율적 업무추진을 위해 간사 및 서기 각 1명을 둔다.

② 간사는 미술작품 업무 담당 팀장이 되고 서기는 해당 업무 담당자가 된다.

③ 간사는 심의위원장의 명을 받아 심의위원회의 사무를 처리하고, 서기는 회의내용을 기록하고 간사를 보좌한다.

제13조(회의록 공개) 심의위원회 회의록은 심의위원회 종료 후 속기록으로 정리하여 경기도청 홈페이지에 공개하여야 한다. 다만, 공익상 특별히 인정하는 경우 심의위원회 의결로 공개하지 않을 수 있다.

제14조(운영세칙) 심의위원회 운영과 관련하여 조례 및 시행규칙에서 정한 사항 이외에 세부적으로 필요한 사항에 대하여는 심의위원장이 전체 위원의 의견을 수렴하여 정한다.

제4장 건축물 미술작품 검수단

제15조(미술작품 검수단 운영) ① 도지사는 심의결과에 적합하게 미술작품이 설치되었는지를 확인하기 위하여 경기도 건축물 미술작품 검수단(이하“검수단”이라 한다)을 운영할 수 있다.

② 검수단의 역할은 다음과 같다.

1. 미술작품의 설치 확인 및 확인서 작성, 결과 통보

2. 미술작품의 하자보수 및 유지관리 자문·권고

3. 미술작품 정기점검

제16조(검수단원의 구성 및 자격) ① 미술작품 검수단원은 100명 이내로 구성할 수 있다.

② 검수단원은 미술작품에 관한 학식과 경험이 풍부한 민간 전문가 중에서 공개모집을 통하여 도지사가 성별을 고려하여 위촉하며, 검수단원의 자격은 시행규칙으로 정한다.

③ 위촉기간은 2년으로 하되, 한 차례만 연임할 수 있다.

제17조(미술작품 검수 회피) 검수단원은 공정한 검수를 위하여 제10조제2항 각 호에 해당될 경우 해당 미술작품 검수를 회피하여야 한다.

제18조(검수단원의 위촉 해제) 도지사는 다음 각 호의 어느 하나의 사유가 발생한 경우에는 검수단원의 위촉을 해제할 수 있다.

1. 임무를 성실히 수행하지 아니한 경우

2. 검수업무와 관련하여 민원을 야기한 경우

3. 스스로가 위촉 해제를 원할 경우

4. 검수회피의 사유가 있음에도 불구하고 해당 검수에 참여한 경우

제19조(검수단원의 비밀준수 의무) 검수단원은 검수단 활동을 통하여 알게 된 비밀을 누설하여서는 아니 된다.

제5장 보 칙

제20조(수당 등) 도지사는 건축물 미술작품 심의·회의·검수에 참석한 위원·전문가·민간인에 대하여는 예산의 범위에서「경기도 위원회 수당 및 여비 지급 조례」가 정하는 바에 따라 수당 및 여비를 지급할 수 있다. <개정 2023.7.18.>

제21조(권한의 위임) 도지사는 다음 각 호의 업무를 시장·군수에게 위임한다.

1. 미술작품 설치 등의 의무 고지, 건축물 미술작품 심의 및 공모신청서 접수

2. 미술작품 심의결과 통보

3. 미술작품 설치 확인 및 점검

4. 검수단 섭외 및 검수단 활동 자료 제공

제22조(시행규칙) 이 조례의 시행에 관하여 필요한 사항을 규칙으로 정한다.",www.elis.go.kr/allalr/selectAlrBdtOne?alrNo=41000007010016&histNo=002&menuNm=main
G_004,경기도,경기도 건축물관리 조례,유지/관리,안전관리 기준 및 특례,"점검기관 지정, 해체공사 안전관리",경기도 내 관리대상 건축물,"제1장 총칙

제1조(목적) 이 조례는 「건축물관리법」, 같은 법 시행령 및 같은 법 시행규칙에서 조례로 위임한 사항과 그 시행에 필요한 사항을 정함을 목적으로 한다.

제2조(정의) 이 조례에서 사용하는 용어의 뜻은 「건축물관리법」(이하 “법”이라 한다) 제2조에서 정하는 바에 따른다.

제3조(적용범위) 이 조례는 경기도(이하 “도”라 한다) 내의 건축물 및 그 대지에 적용한다.

제2장 건축물관리점검기관

제4조(건축물관리점검기관의 모집) ① 경기도지사(이하 “도지사”라 한다)는 법 제18조제1항 각 호의 어느 하나에 해당하는 자를 대상으로 「건축물관리법 시행령」(이하 “영”이라 한다) 제12조제3항에 따라 매년 1회 이상 건축물관리점검기관 모집공고를 실시해야 한다.

② 도지사는 제1항에 따른 모집공고를 실시하는 경우 도, 시ㆍ군 홈페이지 및 법 제7조제1항에 따른 건축물 생애이력 정보체계 등 모집대상자들이 널리 볼 수 있는 곳에 20일 이상 공고해야 한다.

③ 모집대상은 도에 소재지를 둔 기관으로 한다. 다만, 「국토안전관리원법」에 따른 국토안전관리원, 「한국부동산원법」에 따른 한국부동산원, 「한국토지주택공사법」에 따른 한국토지주택공사는 소재 지역에 상관없이 등재신청을 할 수 있다.

④ 도지사는 제1항에 따른 모집공고를 하려는 경우 미리 시장ㆍ군수와 협의해야 한다.

제5조(건축물관리점검기관의 등재 및 명부작성) ① 건축물관리점검기관으로 등록하려는 자는 건축물 생애이력 정보체계를 통해 별지 제1호서식의 건축물관리점검기관 등재 신청서에 다음 각 호의 서류를 첨부하여 도지사에게 제출해야 한다.

1. 영 별표 1에 따른 요건에 적합함을 증명하는 서류

2. 법 제18조제1항 각 호의 어느 하나에 해당함을 증명할 수 있는 서류

3. 사업자등록증 또는 법인등기사항 증명서

4. 영 제13조제4항에 따른 교육기관의 증명서류(해당 사항이 있는 경우에 한정함)

② 제1항 각 호의 서류는 등재 신청일 기준 1개월 이내에 발행되거나 작성된 것이어야 한다.

③ 도지사는 등재를 신청한 자가 영 별표 1에 따른 요건에 적합하고 모집공고일 현재 업무정지나 휴업 중인 기관이 아닌 경우 별지 제2호서식인 건축물관리점검기관 등재 명부에 등록하고 건축물 생애이력 정보체계를 통하여 이를 공개해야 한다. 등재사항을 변경하는 경우에도 이와 같다.

④ 도지사는 제3항에 따라 등재된 건축물관리점검기관이 다음 각 호의 어느 하나에 해당하는 경우에는 그 등재를 취소해야 한다.

1. 법 제25조제1항 각 호의 어느 하나에 해당하여 영업정지를 받은 경우

2. 국토교통부장관, 주무부처의 장 또는 지방자치단체의 장이 폐업사실을 확인한 때

3. 영 별표 1에 따른 등재요건을 충족하지 못하게 된 날부터 30일 이내에 이를 보완하지 않은 경우

4. 시장ㆍ군수가 영 별표 1에 따른 등재요건을 충족하지 못하는 등의 사유가 발생하여 도지사에게 등재 취소를 요청한 경우

⑤ 도지사는 제4항에 따라 등재를 취소한 경우에는 건축물관리점검기관 등재 명부를 변경하고 건축물 생애이력 정보체계를 통하여 이를 공개해야 한다.

제6조(건축물관리점검기관의 관리) ① 등재명부에 등록된 건축물관리점검기관은 등록사항이 변경된 경우 변경사항이 발생한 날부터 20일 이내에 별지 제3호서식의 건축물관리점검기관 등재사항 변경신고서에 변경사항을 증명하는 서류를 첨부하여 도지사에게 제출해야 한다.

② 등재명부에 등재된 건축물관리점검기관은 계속하여 1개월 이상 휴업하거나 재개업 또는 폐업하려는 경우 별지 제4호서식의 건축물관리점검기관 휴업ㆍ재개업ㆍ폐업(등재 취소) 신고서를 도지사에게 제출해야 한다.

③ 제1항 및 제2항에 따라 변경, 폐업 등을 하는 경우에는 제5조제5항에 따른다.

제7조(건축물관리점검기관의 지정 및 지정취소) ① 시장ㆍ군수는 법 제18조제1항 및 영 제12조제4항에 따라 건축물관리점검기관을 지정하는 경우 무작위 추출 방식으로 지정함을 원칙으로 한다. 다만, 다음 각 호의 어느 하나에 해당하는 경우에는 해당 건축물관리점검기관을 우선하여 지정할 수 있다.

1. 영 제28조제3항에 따라 우수 건축물관리 사업자로 지정받은 경우

2. 기술인력으로 건축사와 건축분야 기술사를 모두 갖춘 건축물관리점검기관

3. 건축물관리점검대상 건축물의 대지위치와 건축물관리점검기관이 등재 신청시 작성ㆍ제출한 선호지역이 일치하는 경우

② 시장ㆍ군수는 제1항에 따라 건축물관리점검기관을 지정한 경우에는 법 제19조 및 같은 법 시행규칙 제7조에 따라 건축물관리점검기관과 관리자에게 별지 제5호서식의 건축물관리점검 및 점검기관 지정 통보서를 작성하여 알려야 한다.

③ 시장ㆍ군수는 제1항에 따라 지정한 건축물관리점검기관이 다음 각 호의 어느 하나에 해당하는 경우에는 지정을 취소할 수 있다.

1. 제5조제4항에 따라 등재 취소사유가 발생한 경우

2. 시장ㆍ군수가 건축물관리점검기관이 건축물관리점검을 수행하기에 어렵다고 판단하는 경우

④ 시장ㆍ군수는 제3항제1호의 사유로 건축물관리점검기관 지정을 취소한 경우에는 그 사실을 지체 없이 도지사에게 알려야 한다.

제3장 건축물의 해체공사감리자

제8조(건축물 해체공사감리자의 모집) ① 도지사는 법 제31조제1항에 따른 감리자격이 있는 자를 대상으로 영 제22조제1항에 따라 매년 1회 이상 해체공사감리자 모집공고를 실시해야 한다.

② 도지사는 제1항에 따른 모집공고를 실시하는 경우 도, 시ㆍ군 홈페이지 및 건축물 생애이력 정보체계 등 모집대상자들이 널리 볼 수 있는 곳에 20일 이상 공고해야 한다.

③ 모집대상은 도에 소재지를 둔 자로 한다.

④ 도지사는 제1항에 따른 모집공고를 하려는 경우 미리 시장ㆍ군수와 해체공사감리자 지정을 위한 권역설정 등을 협의해야 한다.

제9조(해체공사감리자 등재신청) ① 해체공사감리자 등재를 신청하려는 자는 별지 제6호서식의 해제공사감리자 등재(취소) 신청서에 다음 각 호의 서류를 첨부하여 도지사에게 제출해야 한다.

1. 법 제31조제1항에 따른 감리자격을 증명할 수 있는 서류

2. 감리자 교육 이수증(해당 사항이 있는 경우에 한정함)

② 제1항 각 호의 서류는 등재 신청일 기준 1개월 이내에 발행되거나 작성된 것이어야 한다.

제10조(해체공사감리자 등재 명부 작성 및 관리) ① 도지사는 제9조제1항에 따른 등재신청자 중 관계 법령에 따른 결격사유가 없고 모집공고일 현재 업무정지나 휴업 중이 아닌 자를 선정하여 별지 제7호서식의 해체공사감리자 등재명부에 작성ㆍ관리해야 한다. 이 경우 도지사는 제8조제4항에 따른 모집공고 시 반영된 지정 권역이나 기준을 고려하여 등재 명부를 작성ㆍ관리할 수 있다.

② 도지사는 제1항에 따른 해체공사감리자 등재명부를 건축물 생애이력 정보체계를 통해 일반에 공개해야 한다.

③ 도지사는 다음 각 호의 경우에는 해체공사감리자의 등재를 취소해야 한다.

1. 시장ㆍ군수가 제11조제3항제3호 또는 제4호에 해당하여 업무 수행이 불가능한 사실을 통지한 경우

2. 제12조제4항에 따른 통지를 받고 해당 해체공사감리자가 업무 수행이 어렵다고 판단한 경우

④ 도지사는 제3항에 따라 등재를 취소한 경우 해체공사감리자 등재 명부를 변경하고 건축물 생애이력 정보체계를 통하여 이를 공개해야 한다.

제11조(등재 후 사정변경) ① 등재명부에 등재된 해체공사감리자는 다음 각 호의 사유로 해체공사 감리를 수행할 수 없게 된 경우에는 별지 제8호서식의 해체공사감리자 지정 연기신청서 또는 별지 제6호서식의 해체공사감리자 등재(취소) 신청서를 소재지 시장ㆍ군수에게 제출해야 한다.

1. 16일 이상 지병으로 인한 치료 및 입원 시

2. 16일 이상 국내외 장기 출장 시

3. 상주감리원으로 배치되어 감리업무를 수행하게 된 경우

4. 그 밖에 부득이한 사유로 해체공사감리 업무 수행이 불가능하게 된 경우(이 경우 그 증명서류를 제출해야 함)

② 등재명부에 등재된 해체공사감리자는 「건축사법」 또는 「건설기술진흥법」에 따른 감리자격에 변경이 생겼거나, 업무정지 처분 이상의 행정처분을 받은 경우 그 변경사항 또는 처분결과를 변경ㆍ처분이 있는 날부터 7일 이내에 시장ㆍ군수에게 제출해야 한다.

③ 시장ㆍ군수는 해체공사감리자가 제1항 또는 제2항에 따른 사정변경의 사유가 다음 각 호에 해당할 경우 등재명부를 관리하는 도지사에게 그 사실을 지체 없이 알려야 한다.

1. 제1항에 따라 해체공사감리자 지정 연기요청서 또는 등재 취소신청서를 제출받은 경우

2. 제2항에 따라 해체공사감리자 변경신고 또는 행정처분 결과를 제출받은 경우

3. 해체공사감리자가 제1항 각 호 이외의 사유로 연 2회 이상 해체공사감리자 지정을 거부할 경우

4. 그 밖에 부득이한 사유로 해체공사감리 업무 수행이 불가능하게 된 경우

제12조(해체공사감리자의 지정 및 지정취소) ① 시장ㆍ군수가 영 제22조제2항에 따라 해체공사감리자를 지정하는 경우 제10조제1항에 따라 작성된 해체공사감리자 등재명부에서 무작위로 선정한다. 다만 다음 각 호에 해당하는 자는 해체공사감리자로 지정할 수 없다.

1. 업무정지나 휴업기간 중에 있는 자

2. 「건축사법」 또는 「건설기술진흥법」에 따른 감리자격을 상실하였거나 반납한 자

3. 제11조제1항부터 제3항에 따른 사유로 해체공사감리 업무 수행이 어렵다고 판단되는 자

4. 해체공사감리와 관련하여 관리자 등에게 계약한 대가 이외의 금품 또는 재산상 이익을 요구 또는 수수한 자

② 시장ㆍ군수는 해체건축물의 구조가 복잡하거나 공사의 위험성이 높다고 판단되는 경우에는 해체공사감리자를 등재명부에서 별도로 지정할 수 있다.

③ 시장ㆍ군수는 다음 각 호의 어느 하나에 해당하는 경우로서 관리자가 요청하는 경우에는 「건축법」 제25조제2항에 따른 공사감리자를 해체공사감리자로 지정할 수 있다. 이 경우 시장ㆍ군수는 건축물의 규모 및 용도 등을 고려하여 해체공사감리자를 지정해야 한다.

1. 지하층이 있는 공사

2. 리모델링 등 해체공사와 건축공사가 혼재할 경우

④ 시장ㆍ군수는 제1항 각 호의 사유에 해당하여 해체공사감리자를 지정할 수 없는 경우에는 지체 없이 도지사에게 알려야 한다.

제13조(업무의 위탁) 도지사 및 시장ㆍ군수는 건축물관리점검기관 및 해체공사감리자 등재명부의 작성ㆍ관리 및 지정 등에 대한 사무를 효율적으로 수행하기 위하여 관련 협회 및 전문기관 등에 위탁할 수 있다.

부 칙 <2022.4.21.>
이 조례는 공포한 날부터 시행한다.",www.elis.go.kr/allalr/selectAlrBdtOne?alrNo=41000016012065&histNo=001&menuNm=main
G_Y_001,경기도 용인시,용인시 건축 조례,건축 일반,지역 특화 수치 규제,"용인시 건축 허가/심의 기준, 일조권 거리",용인시 내 모든 건축물,"제1장 총칙

제1조(목적) 이 조례는「건축법」,「건축법 시행령」, 「건축법 시행규칙」 및 관계 법령에서 지방자치단체의 조례로 정하도록 위임한 사항과 그 시행에 필요한 사항을 규정함을 목적으로 한다.〈개정 2013. 6. 11, 2014. 5. 2, 2018. 8. 9〉

제2조(적용의 범위) 이 조례는 용인시 행정구역 안의 건축물 및 그 대지에 대하여 적용한다.〈개정 2015. 4. 13〉

제2장 건축위원회

제3조(설치) 「건축법」(이하 “법”이라 한다) 제4조에 따라 용인시 건축위원회(이하 “위원회”라 한다)를 둔다.〈개정 2013. 6. 11, 2013. 10. 1, 2014. 5. 2〉
〔제목개정 2013. 10. 1〕

제3조의2(기능 등) ① 위원회는 「건축법 시행령」(이하 “영”이라 한다) 제5조의5제1항 각 호의 심의사항과 다음 각 호의 사항을 심의한다.〈개정 2013. 6. 11, 2013. 10. 1, 2014. 5. 2, 2015. 4. 13, 2015. 10. 30, 2017. 5. 4, 2018. 8. 9, 2019. 7. 1, 2020. 1. 10, 2024. 5. 10〉

1. 층수가 30층 이상이고, 연면적의 합계가 10만제곱미터 이상인 건축물의 건축에 관한 사항. 다만, 다음 각 목의 어느 하나에 해당하는 건축물은 제외한다.

가. 공장(「산업집적활성화 및 공장설립에 관한 법률」 제2조제13호에 따른 지식산업센터는 제외한다)

나. 창고

2. 분양을 목적으로 하는 다음 각 목의 건축물의 건축에 관한 사항

가. 분양하는 부분의 바닥면적의 합계가 5천 제곱미터 이상인 건축물(단, 영 별표 1에 따른 공동주택은 제외한다)

나. 제2종일반주거지역에서 7층 이상 건축물

다. 「주택법」 제15조에 따른 사업계획승인 대상 건축물

라. 오피스텔로서 30실(室) 이상인 건축물

마. 건축허가 대상 공동주택 50세대[오피스텔과 복합하여 건축하는 경우 합산한 세대(실)을 말한다] 이상인 건축물

3. 법 제5조에 따른 건축법령의 적용 완화 여부 및 적용 범위에 관한 사항

4. 이 법 및 그 밖의 법령에 따른 심의대상 및 용인시장(이하 “시장”이라 한다)이 위원회의 심의가 필요하다고 인정하여 회의에 부치는 사항

② 삭제〈2013. 6. 11〉

③ 영 제5조의5제6항제2호에 따라 다음 각 호의 어느 하나에 해당하는 경우에는 심의를 생략한다.〈개정 2013. 6. 11, 2015. 4. 13, 2015. 10. 30, 2018. 8. 9〉

1. 「국토의 계획 및 이용에 관한 법률」 제30조제3항 단서에 따라 건축위원회와 도시계획위원회가 공동으로 심의한 사항

2. 삭제〈2015. 10. 30〉

3. 국가 또는 지방자치단체가 발주하여 설계·시공 등 일괄계약으로 건축하는 건축물의 건축에 관한 사항. 다만, 시장이 심의가 필요하다고 인정하는 건축물은 제외한다.

④ 삭제〈2015. 10. 30〉
〔종전 제12조에서 이동 2019. 7. 1〕

제4조(구성) ① 위원회는 위원장 1명과 부위원장 1명을 포함한 25명 이상 150명 이하의 위원으로 구성하되, 위원의 성별에 대하여는 「용인시 각종 위원회 설치 및 운영 조례」에 따른다.〈개정 2013. 6. 11, 2015. 10. 30, 2016. 10. 12〉

② 위원회의 위원은 다음 각 호의 사람 중에서 시장이 임명하거나 위촉한다.〈개정 2015. 4. 13, 2015. 10. 30, 2017. 10. 2, 2018. 8. 9, 2024. 5. 10〉

1. 제2부시장, 건축ㆍ주택업무를 담당하는 국장 및 부서의 장, 그 밖에 도시계획 및 건축 관계공무원

2. 도시계획 및 건축 등에서 학식과 경험이 풍부한 사람으로서 건축 관련 학회 및 협회 등 관련 단체나 기관의 추천 또는 공모 절차를 거쳐 선정된 사람

3. 용인시의회에서 추천하는 용인시의회 의원

③ 위원회의 위원장과 부위원장은 제2항에 따라 임명 또는 위촉된 위원 중에서 시장이 임명한다.〈개정 2013. 6. 11, 2015. 4. 13, 2015. 10. 30, 2017. 5. 4, 2017. 10. 2, 2018. 8. 9〉

④ 공무원을 위원으로 임명하는 경우에는 그 수가 전체 위원 수의 4분의 1 이하가 되도록 하여야 한다.
〔제목개정 2013. 10. 1〕

제5조(위원의 임기) ① 공무원이 아닌 위원의 임기는 2년으로 하되, 한 차례만 연임할 수 있다.〈개정 2013. 6. 11, 단서삭제 2018. 8. 9〉

② 삭제〈2018. 8. 9〉

제5조의2(위원의 해임ㆍ해촉) 시장은 위원이 다음 각 호의 어느 하나에 해당하는 경우에는 해당 위원을 해임하거나 해촉(解囑)할 수 있다.〈개정 2014. 5. 2, 2015. 10. 30, 2018. 8. 9, 2020. 1. 10〉

1. 심신장애로 인하여 직무를 수행할 수 없게 된 경우

2. 직무태만, 품위손상이나 그 밖의 사유로 인하여 위원으로 적합하지 아니하다고 인정되는 경우

3. 제5조의3제1항 각 호의 어느 하나에 해당하는 경우에도 불구하고 회피하지 아니한 경우
〔본조신설 2013. 6. 11, 제목개정 2014. 5. 2〕
〔제목개정 2018. 8. 9〕
〔종전 제11조의2에서 이동 2019. 7. 1〕

제5조의3(위원의 제척·기피·회피) ① 위원회의 위원이 다음 각 호의 어느 하나에 해당하는 경우에는 위원회의 심의·의결에서 제척(除斥)된다.〈개정 2013. 6. 11, 2015. 10. 30〉

1. 위원 또는 그 배우자나 배우자이었던 사람이 해당 안건의 당사자(당사자가 법인·단체 등인 경우에는 그 임원을 포함한다. 이하 이 호 및 제2호에서 같다)가 되거나 그 안건의 당사자와 공동권리자 또는 공동의무자인 경우

2. 위원이 해당 안건의 당사자와 친족이거나 친족이었던 경우

3. 위원이 해당 안건에 대하여 자문, 연구, 용역(하도급을 포함한다), 감정 또는 조사를 한 경우

4. 위원이나 위원이 속한 법인·단체 등이 해당 안건의 당사자의 대리인이거나 대리인이었던 경우

5. 위원이 임원 또는 직원으로 재직하고 있거나 최근 3년 내에 재직하였던 기업 등이 해당 안건에 관하여 자문, 연구, 용역(하도급을 포함한다), 감정 또는 조사를 한 경우

② 해당 안건의 당사자는 위원에게 공정한 심의·의결을 기대하기 어려운 사정이 있는 경우에는 위원회에 기피 신청을 할 수 있고, 위원회는 의결로 이를 결정한다. 이 경우에는 기피 신청의 대상인 위원은 그 의결에 참여하지 못한다.〈신설 2013. 6. 11, 개정 2015. 4. 13〉

③ 위원이 제1항 각 호에 따른 제척 사유에 해당하는 경우에는 스스로 해당 안건의 심의·의결에서 회피(回避)하여야 한다.〈신설 2013. 6. 11〉
〔제목개정 2013. 6. 11〕
〔종전 제11조에서 이동 2019. 7. 1〕

제6조(위원장 등의 직무) ① 위원장은 위원회를 대표하고, 위원회의 업무를 총괄한다.

② 위원장은 회의 개최 10일 전까지 회의 안건과 심의에 참여할 위원을 25명 이상으로 확정하고, 회의 개최 7일 전까지 회의에 부치는 안건을 각 위원에게 알려야 한다. 다만, 대외적으로 기밀 유지가 필요한 사항이나 그 밖에 부득이한 사유가 있는 경우에는 그러하지 아니하다.〈개정 2013. 6. 11, 2018. 8. 9〉

③ 위원장은 제2항에 따라 심의에 참여할 위원을 확정하여 심의 등을 신청한 자에게 명단을 알려야 한다.〈개정 2013. 6. 11, 2015. 4. 13〉

④ 위원장은 업무수행을 위하여 필요하다고 인정하는 경우에는 관계 전문가를 위원회의 회의에 출석하게 하여 발언하게 하거나 관계 기관·단체에 자료를 요구할 수 있다.〈신설 2013. 6. 11〉

⑤ 삭제〈2015. 10. 30〉

⑥ 부위원장은 위원장을 보좌하며, 위원장이 부득이한 사유로 그 직무를 수행할 수 없는 경우에는 그 직무를 대행한다.〈신설 2013. 6. 11〉

⑦ 위원장과 부위원장이 부득이한 사유로 그 직무를 수행하지 못할 때에는 위원장이 미리 지명한 위원이 그 직무를 대행한다.〈신설 2013. 6. 11〉

제7조(회의의 소집 및 의결) ① 위원회의 회의는 시장 또는 위원장이 필요하다고 인정하는 경우 위원장이 소집한다.〈개정 2015. 4. 13, 2018. 8. 9〉

② 위원회의 회의는 구성위원(제6조제2항에 따라 회의 참여를 확정한 위원을 말한다) 과반수의 출석으로 개의(開議)하고, 출석위원 과반수의 찬성으로 의결한다.〈개정 2013. 6. 11, 2018. 8. 9〉

③ 위원장은 제2항에 따라 안건이 의결되면 심의 등을 신청한 자에게 심의 등의 결과를 알려야 한다.〈신설 2018. 8. 9〉
〔제목개정 2013. 6. 11〕

제7조의2(심의 등의 신청) ① 삭제〈2015. 10. 30〉

② 건축주·설계자 및 심의 등을 신청한 자가 희망하는 경우에는 회의에 참여하여 해당 안건 등에 대한 설명을 할 수 있다.〈개정 2015. 4. 13〉
〔본조신설 2013. 6. 11〕
〔제목개정 2015. 4. 13〕
〔종전 제12조의2에서 이동 2019. 7. 1〕

제7조의3(사전 검토) 위원장은 제3조의2제1항에 따른 심의사항에 대하여 위원에게 사전 검토를 하게 할 수 있다.
〔전문개정 2024. 12. 6〕

제7조의4(전문위원회) ① 위원장은 위원회의 심의를 효율적으로 수행하기 위하여 필요한 경우에는 법 제4조제2항 및 영 제5조의6에 따라 건축계획ㆍ건축구조ㆍ건축설비 등 분야별 전문위원회를 둘 수 있다.〈개정 2016. 10. 12, 2019. 7. 1〉

② 영 제5조의5제6항제2호차목에 따라 건축구조 분야에 대해서는 해당 전문위원회를 구성하여 심의해야 한다.〈신설 2025. 6. 30〉

③ 전문위원회는 위원회의 위원 중에서 5명 이상 위원회의 위원장이 지명하는 사람으로 구성하고, 전문위원회의 위원장은 그 위원 중에서 호선한다.〈개정 2017. 5. 4, 2025. 6. 30〉

④ 전문위원회 위원장이 부득이한 사유로 그 직무를 수행하지 못할 때에는 전문위원회에서 호선한 위원이 그 직무를 대행한다.〈개정 2025. 6. 30〉

⑤ 위원회에서 위원회의 심의로 갈음하기로 하여 전문위원회의 심의를 거친 경우에는 위원회의 심의를 거친 것으로 본다.〈개정 2017. 5. 4, 2025. 6. 30〉
〔본조신설 2015. 10. 30〕
〔종전 제7조의2에서 이동 2019. 7. 1〕

제8조(소위원회의 구성 및 운영) ① 위원장은 위원회의 심의를 효율적으로 수행하기 위하여 다음 각 호와 같이 소위원회를 구성·운영할 수 있다.〈개정 2012. 11. 9, 2013. 6. 11, 2013. 10. 1, 2014. 5. 2, 2019. 7. 1〉

1. 소위원회의 위원장은 위원회에서 호선할 것

2. 소위원회는 5명 이상 10명 이하의 위원으로 구성하며, 위원은 위원회의 위원 중에서 위원장이 지명할 것

3. 소위원회에서 의결된 사항은 위원회에서 의결된 것으로 볼 것

4. 삭제〈2013. 10. 1〉

5. 소위원회 위원장이 부득이한 사유로 그 직무를 수행하지 못할 때에는 소위원회에서 호선한 위원이 그 직무를 대행할 것

② 위원회 심의대상 중 다음 각 호의 어느 하나에 해당하는 사항은 소위원회의 심의사항으로 위임한다.〈신설 2013. 10. 1, 개정 2014. 5. 2, 2015. 4. 13, 2015. 10. 30, 2019. 7. 1〉

1. 삭제〈2016. 10. 12〉

2. 삭제〈2016. 10. 12〉

3. 제3조의2제1항제2호나목에 따른 건축물

4. 제3조의2제1항제3호에 따른 건축법령의 적용 완화 여부 및 적용 범위에 관한 사항

5. 제30조의 도로지정 및 제37조제3항제1호 및 제8호의 공개공지에 관한 사항
〔제목개정 2013. 10. 1〕

제8조의2(건축민원전문위원회의 구성 및 운영) ① 위원장은 법 제4조의4제1항 각 호에 따른 건축물의 건축 등과 관련된 민원을 심의하기 위하여 건축민원전문위원회를 둘 수 있다.

② 건축민원전문위원회의 위원장은 건축심의 업무를 담당하는 국장으로 한다.

③ 건축민원전문위원회는 5명 이내의 위원으로 구성하며 위원은 위원회의 위원 중에서 위원장이 지명한다.〈개정 2017. 5. 4〉

④ 건축민원전문위원회에서 의결된 사항은 위원회에서 의결된 것으로 본다.

⑤ 건축민원전문위원회의 사무를 처리하기 위하여 건축위원회 심의 담당 부서 내에 사무국을 두며, 법 제4조의8제2항 각 호의 사무를 나누어 맡도록 심사관을 둔다.

⑥ 제5항에 따른 심사관은 건축심의 업무를 담당하는 부서의 장으로 한다.〈개정 2018. 8. 9〉
〔본조신설 2015. 4. 13〕

제9조 〔제12조의4로 이동 2019. 7. 1〕
제10조
삭제〈2015. 10. 30〉

제11조 〔제5조의3으로 이동 2019. 7. 1〕
제11조의2〔
제5조의2로 이동 2019. 7. 1〕

제12조 〔제3조의2로 이동 2019. 7. 1〕
제12조의2〔
제7조의2로 이동 2019. 7. 1〕
제12조의3〔
제7조의3으로 이동 2019. 7. 1〕

제12조의4(간사 및 서기) ① 위원회의 사무를 처리하기 위하여 간사 1명과 서기 1명을 두며, 간사는 심의소관 업무 팀장이 되고, 서기는 심의소관 업무 실무관이 된다.〈개정 2013. 6. 11, 2015. 4. 13, 2015. 10. 30〉

② 간사는 위원장의 명을 받아 위원회의 사무를 담당하고, 서기는 간사를 보좌한다.〈개정 2017. 5. 4〉
〔종전 제9조에서 이동 2019. 7. 1〕

제13조(운영세칙) 위원회 운영에 필요한 사항은 규칙으로 정한다.〈개정 2014. 5. 2, 2018. 8. 9〉

제14조(수당) ① 삭제〈2018. 8. 9〉

② 제7조의3에 따라 사전 검토에 참여한 위원에게 별도의 심사수당을 지급할 수 있다.〈신설 2013. 6. 11, 개정 2015. 4. 13, 2020. 1. 10, 2024. 5. 10〉

제3장 적용의 완화

제15조(적용의 완화) ① 법 제5조제1항에 따라 법 기준을 완화하여 적용할 것을 요청하려는 자는 다음 각 호에서 정하는 서류를 시장에게 제출하여야 한다.〈개정 2014. 5. 2, 2015. 4. 13, 2018. 8. 9, 2024. 5. 10〉

1. 「건축법 시행규칙」(이하 “시행규칙”이라 한다) 제2조의4제1항에 따른 위원회 심의 신청서류

2. 그 밖에 기준을 완화하여야 하는 사유의 타당성 확인을 위하여 시장이 필요하다고 인정하는 서류 및 도서

② 제1항에 따라 적용의 완화를 신청 받은 시장은 법 제5조제2항에 따라 위원회의 심의를 거쳐 완화여부 및 적용 범위를 결정하여 그 결과를 신청인에게 통지하여야 한다.〈개정 2014. 5. 2, 2024. 5. 10〉

③ 영 제6조제1항제7호의2에서 “건축조례로 정하는 건축물”이란 연면적의 합계가 100제곱미터 이하로서 영 별표 1 제1호가목의 단독주택 및 같은 표 제21호 마목의 작물재배사를 말한다.〈신설 2015. 10. 30, 개정 2018. 8. 9〉

④ 영 제6조제2항제3호나목에서 “건축조례로 정하는 비율”이란 100분의 120 이하를 말한다.〈신설 2013. 6. 11, 개정 2015. 10. 30, 2018. 8. 9〉

⑤ 영 제6조제2항제5호나목에서 “건축조례로 정하는 용적률”이란 해당 지역에 적용되는 용적률에 주민공동시설에 해당하는 용적률을 더한 용적률을 말한다.〈신설 2013. 10. 1, 개정 2014. 5. 2, 2015. 4. 13, 2015. 10. 30, 2017. 5. 4, 2018. 8. 9〉

⑥ 「녹색건축물 조성 지원법」 제15조제2항의 기준에 적합한 건축물에 대한 완화 범위는 다음 각 호로 하며, 같은 법 제15조제3항에 따른 완화 기준은 국토교통부장관이 고시한 「건축물의 에너지절약설계기준」 별표 9에 따른다.〈신설 2014. 5. 2, 개정 2015. 4. 13, 2015. 10. 30, 2018. 8. 9, 2019. 7. 1〉

1. 법 제56조에 따른 건축물의 용적률은 100분의 115 이하

2. 법 제60조 및 제61조에 따른 건축물의 높이 제한은 100분의 115 이하

제16조(기존의 건축물 등에 대한 특례) ① 법 제6조 및 영 제6조의2제1항에 따른 사유로 법령 등의 규정에 부적합하게 된 대지 또는 건축물에 대한 건축허가 기준은 영 제6조의2제2항에 따른다.〈개정 2012. 11. 9, 2014. 5. 2, 2015. 4. 13, 2024. 5. 10〉

② 영 제14조제6항에 따라 건축물의 용도를 변경하려는 경우에는 용도변경하려는 부분이 법령 등의 규정에 적합한 경우만 용도를 변경할 수 있다. 다만, 법률 제7696호 건축법 일부개정법률 제50조의 개정에 따라 2007년 11월 4일 이전에 건축허가(신고)된 기존 건축물의 건축선 및 인접 대지경계선으로부터의 거리가 제33조에서 정한 거리의 기준에 미달하는 경우에는 제33조를 적용하지 않을 수 있다.〈신설 2012. 11. 9, 개정 2014. 5. 2, 2015. 10. 30, 2018. 8. 9, 2019. 7. 1〉
제17조
삭제〈2015. 10. 30〉

제4장 건축물의 건축

제18조(건축복합민원 일괄협의회) 영 제10조제6항에 따라 건축복합민원 일괄협의회의 운영 등에 관하여「민원 처리에 관한 법률 시행령」제36조에 따라 설치된 민원실무종합심의회에 대행하게 하여 운영할 수 있다.〈개정 2016. 10. 12, 2018. 8. 9〉

제19조(표준설계도서에 의한 건축물) 영 제11조제3항제3호에서 “건축조례로 정하는 건축물”이란 표준설계도서에 의하여 건축하는 건축물로서 연면적 100제곱미터 이하의 주택과 연면적의 합계가 400제곱미터 미만의 축사·작물재배사·농업용 창고를 말한다.〈개정 2015. 4. 13, 2015. 10. 30〉

제20조(설계도서의 작성) 법 제23조제1항제3호에 따라 건축사가 설계하지 않아도 되는 건축물로서 영 제18조제2호에서 “건축조례로 정하는 가설건축물”이란 영 제15조제5항제1호부터 제16호까지의 가설건축물을 말한다. 다만, 영 제15조제5항제4호에 해당하는 가설건축물은 제외한다.〈개정 2015. 4. 13, 2015. 10. 30, 2018. 8. 9〉

제21조(건축허가 등의 수수료) ① 법 제17조제2항에 따른 수수료는 별표 1과 같다.〈개정 2024. 12. 6〉

② 제1항에 따른 수수료는 수입증지 또는 전자결제나 전자화폐로 납부하여야 한다.〈신설 2024. 12. 6〉

제22조(건축공사현장 안전관리예치금 등) ① 법 제13조제2항에서 “지방자치단체의 조례로 정하는 건축물”이란 연면적이 1천 제곱미터 이상인 모든 건축물을 말한다. 다만, 법 제29조에 따른 공용건축물은 제외한다.〈개정 2014. 5. 2, 2015. 4. 13〉

② 제1항에 따라 건축공사현장 안전관리예치금(이하 “예치금”이라 한다) 납부대상 건축물에 대하여 착공신고를 하는 건축주는 시행규칙 제14조제1항제1호에 따라 작성되는 건축공사비(공사도급계약서의 건축공사비를 말한다)의 1퍼센트를 예치금(영 제10조의2제1항에서 정하는 보증서를 포함한다)으로 예치하여야 한다.〈개정 2013. 6. 11, 2014. 5. 2, 2015. 4. 13, 2018. 8. 9, 2024. 5. 10〉

③ 법 제13조제4항에 따른 예치금의 예치방법 및 반환 등은 다음 각 호에 따른다.〈개정 2013. 10. 1, 2014. 5. 2, 2015. 4. 13, 2019. 7. 1, 2025. 6. 30〉

1. 예치금의 예치방법은「용인시 회계관리에 관한 규칙」에 따라 현금으로 예치하거나 영 제10조의2제1항에 따른 보증서를 착공신고 시 예치하되 보증서의 보증기간은 착공일부터 사용승인 예정일에 공사예정기간의 2분의 1의 기간을 추가한 기간으로 할 것

2. 허가사항의 변경, 건축관계자 변경 등으로 도급금액이 변경되는 경우에는 예치금 산정 비율에 따라 예치금을 변경하여야 하며, 공사기간이 연장 되는 경우에는 보증서 보증기간을 연장하여 제출할 것

3. 예치자의 변경이 발생한 경우에는 변경되는 건축주 명의의 보증서를 제출할 것

4. 법 제22조제2항에 따른 사용승인서를 교부할 때까지 예치금을 사용하지 아니하거나 사용하고 남은 예치금이 있는 경우에는 그 예치금은 건축주에게 영 제10조의2제2항에서 정하는 이율로 산정한 이자를 포함하여 반환할 것. 다만, 보증서를 예치한 경우에는 그러하지 아니하다.

제23조(가설건축물) ① 법 제20조제1항에 따라 도시ㆍ군계획시설 또는 도시ㆍ군계획시설예정지 안에 건축할 수 있는 가설건축물은 영 제15조제1항에 해당하는 가설건축물을 말한다.〈개정 2016. 10. 12, 2017. 5. 4〉

② 영 제15조제5항제16호에서 “그 밖에 건축조례로 정하는 건축물”이란 다음 각 호의 어느 하나에 해당하는 건축물을 말한다.〈개정 2013. 6. 11, 2014. 5. 2, 2015. 4. 13, 2016. 10. 12, 2018. 8. 9, 2022. 2. 28, 2023. 11. 6, 2025. 6. 30〉

1. 공공사업 또는 택지조성사업 등에 의하여 발생되는 철거민 등의 이주대책을 위한 일시적인 건축물(주거용에 한정한다)

2. 천막과 유사한 구조의 창고용에 쓰이는 구조물

3. 레일 등을 설치하여 일정구간을 이동할 수 있는 건축물

4. 공장부지 내의 소규모 폐기물 저장시설 및 공해배출 저장시설(연면적 300제곱미터 이하인 것에 한정한다)

5. 차양시설(처마 끝에 덧붙이는 지붕의 형태로 돌출길이 3미터 이내인 것에 한정한다)

6. 노외주차장용 관리사무소(컨테이너·경량철골조 등 이와 유사한 구조로 연면적 20제곱미터 이하에 한정한다)

7. 삭제〈2018. 8. 9〉

8. 조립식 구조로 된 기계보호시설로서 연면적 300제곱미터 이하인 것

9. 경질염화비닐골판 또는 이와 비슷한 재료로 된 외벽이 없는 비가림 시설로서 주차통로(경사로)에 사용되는 것

10. 시장이 공공용의 목적으로 이용된다고 인정하여 설치하는 임시 건축물

11. 「농지법 시행규칙」 제3조의2에 따른 농막, 농촌체류형 쉼터, 간이저온저장고

12. 공장(「산업집적활성화 및 공장설립에 관한 법률」에 따른 공장에 한정한다) 부지 내 다음 각 목의 요건을 모두 충족하는 창고용 건축물. 다만, 녹지지역의 경우 기존 건축물이 건폐율 허용범위의 80퍼센트 이상 건축된 경우에 한정하고, 가설건축물의 연면적은 대지면적의 40퍼센트 이하로 한정한다.

가. 구조: 경량철골조(파이프로 한정한다)일 것

나. 재질: 단열재를 포함하지 않은 강판 또는 합성강판(벽체 또는 지붕)일 것

다. 층수: 1층일 것

라. 건축물의 옥상에 축조하지 아니할 것

13. 「학교시설사업 촉진법」 제3조에 따른 학교 내에 설치하는 차양 및 비가림시설

14. 공동주택 단지 내 근로자의 근무환경 개선을 위한 휴게시설로서 연면적 30제곱미터 이하인 것

③ 영 제15조제7항에 따른 가설건축물 존치기한 연장 횟수는 다음 각 호와 같다.〈신설 2024. 12. 6〉

1. 영 제15조제5항제2호, 제4호 및 제8호에 해당하는 가설건축물: 3회

2. 영 제15조제5항제1호, 제5호부터 제7호까지 및 제9호부터 제15호까지에 해당하는 가설건축물: 제한 없음

3. 제2항제1호부터 제14호까지에 해당하는 가설건축물: 제한 없음

제24조(현장조사·검사 및 확인업무의 대행) ① 법 제27조제1항 및 영 제20조제1항에 따라 허가권자가 현장조사ㆍ검사 및 확인업무를 건축사로 하여금 대행하게 할 수 있는 범위는 다음 각 호의 어느 하나에 해당하는 업무로 한다.〈개정 2013. 10. 1, 2014. 5. 2, 2015. 4. 13, 2015. 10. 30, 2018. 8. 9, 2019. 7. 1〉

1. 법 제11조에 따른 건축허가 전 현장조사ㆍ검사 및 확인업무

2. 법 제14조에 따른 건축신고(건축사가 설계도서를 작성한 경우로 한정한다) 전 현장조사ㆍ검사 및 확인업무

3. 법 제16조에 따른 건축허가와 신고사항의 변경(건축사가 설계도서를 작성한 경우로 한정한다) 전 현장조사ㆍ검사 및 확인업무

4. 법 제19조에 따른 용도변경(건축사가 설계도서를 작성한 경우로 한정한다) 허가 또는 신고 전 현장조사ㆍ검사 및 확인업무

5. 법 제20조에 따른 가설건축물(건축사가 설계도서를 작성한 경우로 한정한다) 허가 전 현장조사ㆍ검사 및 확인업무

6. 법 제22조에 따른 사용승인 및 임시사용승인을 위한 현장조사ㆍ검사 및 확인업무

7. 그 밖에 허가권자가 행하여야 하는 현장조사·검사 및 확인업무 중 전문성이 특히 필요하다고 인정하는 업무

② 제1항에 따른 현장조사·검사 및 확인업무의 대행자(이하 “업무대행자”라 한다)는 다음 각 호와 같다.〈개정 2014. 5. 2, 2015. 4. 13, 2015. 10. 30, 2016. 10. 12, 2018. 8. 9, 2019. 7. 1, 2024. 12. 6〉

1. 제1항제1호부터 제5호까지의 현장조사ㆍ검사 및 확인 업무: 해당 건축물을 설계한 건축사

2. 제1항제6호의 현장조사ㆍ검사 및 확인 업무: 해당 건축물의 설계자 또는 감리자가 아닌 건축사로서 건축주의 추천을 받지 아니한 건축사

3. 제1항제7호에 따른 업무: 허가권자가 지정하는 건축사

4. 삭제〈2018. 8. 9〉

5. 삭제〈2018. 8. 9〉

③ 삭제〈2022. 2. 28〉

④ 삭제〈2022. 2. 28〉

⑤ 법 제27조제3항 및 시행규칙 제21조제3항에 따라 허가권자가 현장조사ㆍ검사 및 확인업무를 대행하는 자에게 지급할 수수료는 별표 4에 따른다.〈개정 2018. 8. 9, 2019. 7. 1, 2022. 2. 28〉

⑥ 제5항에 따른 수수료의 지급시기, 방법 및 절차 등은 규칙으로 정한다.〈신설 2022. 2. 28〉

제24조의2(감리비용에 관한 기준 등) ① 법 제25조제14항에 따라 허가권자가 공사감리자를 지정하는 비상주감리의 경우 감리비용에 관한 기준은 「건축사법」 제19조의3에 따른 「공공발주사업에 대한 건축사의 업무범위와 대가기준」(이하 “대가기준”이라 한다) 별표 5 ‘건축공사감리 대가요율’을 따르고 상주감리는 대가기준 제14조제2항에 따른 실비정액가산식을 따른다.〈개정 2018. 8. 9, 2019. 7. 1〉

② 제1항에 따른 감리비용 산출 시 공사비는 해당 건축공사의 공사내역서 또는 건물신축단가표(한국부동산원)의 용도별 평균값을 적용한다.〈개정 2025. 6. 30〉

③ 제1항에 따른 감리비용 산출 시 건축물의 종별 구분은 대가기준의 별표 3 ‘건축물의 종별 구분’에 따른다.

④ 제2항에 따라 산출한 공사비가 대가기준의 별표 5에서 규정한 공사비의 중간에 있는 경우에는 직선보간법에 따라서 다음과 같이 산정한다.

이미지첨부

⑤ 건축주와 공사감리자는 제1항에 따라 산정된 건축공사감리비의 10분의 1의 범위에서 그 금액을 가중하거나 감경할 수 있다.

⑥ 건축주는 법 제25조제2항에 따라 허가권자가 공사감리자를 지정한 건축물의 사용승인 신청 시, 감리비용을 지불하였음을 확인하는 서류(입금내역서, 세금계산서, 지불영수증 등)를 제출하여야 한다.
〔본조신설 2017. 5. 4〕

제25조(건축물의 사용승인) 법 제22조제2항 단서에 따라 사용승인을 위한 검사를 실시하지 아니하고 사용승인서를 교부할 수 있는 건축물은 다음 각 호의 건축물로 한다. 다만, 허가권자가 사용승인을 위한 검사가 필요하다고 인정하는 경우에는 사용검사를 실시하고 사용승인서를 교부하여야 한다.〈개정 2018. 8. 9〉

1. 바닥면적의 합계가 5천 제곱미터 이상인 건축물(축사 및 작물재배사를 제외한다)

2. 연속된 5개층(지하층을 포함한다) 이상으로서 바닥면적의 합계가 3천 제곱미터 이상인 건축물

3. 아파트, 준다중이용 건축물
〔전문개정 2015. 10. 30〕

제26조(건축지도원) ① 영 제24조제1항에 따른 건축지도원은 다음 각 호의 어느 하나에 해당되는 사람 중에서 시장이 지정한다.〈개정 2012. 11. 9, 2014. 5. 2, 2015. 4. 13, 2015. 10. 30, 2017. 5. 4, 2018. 8. 9, 2019. 7. 1〉

1. 건축직 공무원으로서 3년 이상의 경력이 있는 사람

2. 건축사

3. 건축분야 기술사

4. 건축사보로 3년 이상 경력이 있는 사람

5. 건축기사 자격소지자로서 2년 이상 건축분야 종사자

6. 건축산업기사 자격소지자로서 4년 이상 건축분야 종사자

7. 5년제 대학의 건축 관련학과 졸업자로서 2년 이상 건축분야 종사자

8. 4년제 대학의 건축 관련학과 졸업자로서 3년 이상 건축분야 종사자

9. 3년제 대학의 건축 관련학과 졸업자로서 4년 이상 건축분야 종사자

10. 2년제 대학의 건축 관련학과 졸업자로서 5년 이상 건축분야 종사자

11. 고등학교 건축 관련학과 졸업자로서 7년 이상 건축분야 종사자

② 제1항에 따라 지정된 현직 공무원이 아닌 건축지도원이 영 제24조제2항의 업무수행을 한 경우에는 예산의 범위에서 수당, 여비 및 식비를 지급할 수 있다.〈개정 2019. 7. 1〉

③ 건축지도원의 인원범위 및 임기에 관한 사항은 규칙으로 정한다.〈신설 2019. 7. 1〉

제26조의2(거실을 설치할 수 있는 지하층의 구조) 법 제53조제2항 단서에서 “조례로 정하는 경우”란 다음 각 호의 어느 하나에 해당하는 경우를 말한다.

1. 영 제34조제1항의 피난층인 지하층에 설치하는 거실로서 허가권자가 피난 및 대피에 지장이 없다고 인정하는 경우

2. 지상층과 동일가구로 구성되어 내부 계단을 통해 지상으로 피난 및 대피가 가능한 경우

3. 그 밖에 피난 및 대피에 지장이 없는 구조로서 위원회의 심의를 거쳐 인정된 경우
〔본조신설 2024. 12. 6〕

제5장 건축물의 유지·관리〈개정 2014. 5. 2〉

제27조
삭제〈2020. 10. 30〉
제27조의2삭
제〈2020. 1. 10〉

제27조의3(실내건축) ① 법 제52조의2제3항에 따라 실내건축이 적정하게 설치 및 시공되었는지를 검사하여야 하는 대상 건축물은 다음 각 호와 같다.〈개정 2024. 12. 6〉

1. 다중이용 건축물

2.「건축물의 분양에 관한 법률」 제3조제1항 각 호의 건축물. 다만, 「건축물의 분양에 관한 법률 시행령」 제2조제3호의 건축물 중 주택의 용도로 사용되는 부분은 제외한다.

② 시장은 제1항 각 호의 검사 대상 건축물에 대하여 그 사용승인일을 기준으로 10년이 경과한 날부터 2년마다 한 번씩 검사하여야 한다.

③ 「건축물관리법」 제13조제1항에 따라 정기점검을 받은 건축물은 제2항의 검사를 받은 것으로 본다.〈개정 2024. 12. 6〉
〔본조신설 2018. 8. 9〕

제6장 대지 안의 조경 및 도로의 지정〈개정 2015. 4. 13〉

제28조(대지 안의 조경) ① 법 제42조제1항에 따라 면적 200제곱미터 이상인 대지에 건축을 하는 건축주는 다음 각 호의 기준에 따라 식수 등 조경에 필요한 조치를 하여야 한다. 다만, 상업지역 안의 건축물을 건축하는 경우에는 대지면적의 5퍼센트 이상으로 한다.〈개정 2018. 8. 9〉

1. 연면적(동일대지 안에 2동 이상의 건축물이 있는 경우에는 이들 연면적의 합계로 한다. 이하 이 조에서 같다)이 2천 제곱미터 이상인 건축물 : 대지면적의 15퍼센트 이상

2. 연면적 1천 제곱미터 이상 2천 제곱미터 미만인 건축물 : 대지면적의 10퍼센트 이상

3. 연면적 1천 제곱미터 미만인 건축물 : 대지면적의 5퍼센트 이상

4. 삭제〈2012. 11. 9〉

② 제1항에도 불구하고 다음 각 호의 어느 하나에 해당하는 건축물을 건축하는 건축주는 식수 등 조경에 필요한 조치를 하지 아니할 수 있다.〈개정 2013. 10. 1, 2014. 5. 2, 2015. 4. 13, 2017. 5. 4, 2018. 8. 9〉

1. 판매시설 중 도매 및 소매시장 용도의 건축물

2. 석유화학단지 안의 건축물

3. 시장이 녹지보전에 지장이 없다고 인정하여 지정·공고한 구역 안의 건축물

4. 중심상업지역 또는 일반상업지역 안에서 면적 300제곱미터 이하인 대지에 건축하는 건축물

5.「관광진흥법」제2조제6호에 따른 관광지 또는 같은 조 제7호에 따른 관광단지에 설치하는 관광시설

6.「관광진흥법 시행령」제2조제1항제3호가목에 따른 전문휴양업의 시설 또는 같은 호 나목에 따른 종합휴양업의 시설

7. 삭제〈2013. 10. 1〉

8.「체육시설의 설치·이용에 관한 법률 시행령」별표 1에 따른 골프장
〔제목개정 2015. 4. 13〕

제29조(식재 등 조경기준) ① 대지 안에 설치하는 조경의 식재기준, 조경시설물의 종류 및 설치방법 등 조경기준은 법 제42조제2항에 따라 국토교통부장관이 고시한 기준에 따른다.〈개정 2013. 10. 1〉

② 「주택법」 제15조제1항에 따른 주택건설사업계획승인 대상인 경우에는 제1항 기준 이외에 다음 각 호의 기준에 적합하게 식재하여야 한다.〈개정 2017. 5. 4, 2018. 8. 9〉

1. 교목은 50퍼센트 이상을 흉고직경 10센티미터 이상, 근경 12센티미터 이상으로 할 것

2. 관목의 식재밀도는 제곱미터 당 2본 이상일 것

3. 교목 중 5퍼센트 이상을 시목인 전나무로, 관목 중 시화인 철쭉꽃나무를 10퍼센트 이상 식재할 것

제30조(도로의 지정) ① 법 제45조제1항제2호에 따라 주민이 오랫동안 통행로로 이용하고 있는 사실상의 통로로서 다음 각 호의 어느 하나에 해당하는 경우에는 허가권자가 이해관계인의 동의를 얻지 아니하고 위원회의 심의를 거쳐 도로로 지정할 수 있다.〈개정 2013. 6. 11, 2014. 5. 2, 2017. 5. 4, 2024. 12. 6〉

1. 복개된 하천, 제방, 공원 내 도로, 도랑, 철도부지, 그 밖의 국유지

2. 주민이 사용하고 있는 통로를 이용하여 신축허가(신고)가 된 경우

3. 국가나 지방자치단체가 사실상 도로에 대하여 확장, 도로포장 또는 상·하수도 설치 등 도로의 개축 또는 유지 보수공사를 시행하여 공중의 통행로로 사용하고 있는 경우

② 제1항에 따라 사실상의 통로를 도로로 지정 받고자 하는 자는 다음 각 호의 서류를 시장에게 제출하여야 한다.〈신설 2024. 12. 6〉

1. 지정 받고자 하는 통로의 개요(위치 및 면적, 개설시기)

2. 해당 통로를 이용하는 주민 수

3. 그 밖에 사실상의 통로임을 증빙할 수 있는 자료

제31조(대지와 도로의 관계의 적용제외) 영 제28조제2항에서 “건축조례로 정하는 규모의 건축물”은 연면적의 합계가 2천 제곱미터 이상인 축사, 작물재배사 및 그 밖에 이와 비슷한 용도의 건축물을 말한다.

제7장 지역 및 지구안의 건축물

제32조(건축물이 있는 대지의 분할제한) 법 제57조제1항 및 영 제80조에 따라 건축물이 있는 대지는 다음 각 호의 어느 하나에서 정한 규모 이상이어야 한다.〈개정 2014. 5. 2〉

1. 주거지역 : 60제곱미터

2. 상업지역 : 150제곱미터

3. 공업지역 : 150제곱미터

4. 녹지지역 : 200제곱미터

5. 제1호부터 제4호까지에 해당하지 아니하는 지역 : 60제곱미터

제33조(대지 안의 공지) 법 제58조에 따른 건축선 및 인접 대지경계선으로부터 건축물의 각 부분(벽, 기둥, 발코니, 노대, 처마끝 등의 외부면을 말한다)까지 띄어야 하는 거리는 별표 2와 같다. 다만, 공동주택의 경우 지구단위계획에 의하여 건축한계선에 관한 내용이 포함된 경우에는 이 규정을 적용하지 아니하다.〈개정 2015. 4. 13, 2017. 5. 4〉
〔제목개정 2015. 4. 13〕

제34조(맞벽건축 및 연결복도) ① 영 제81조제1항제3호에 따라 “도시미관 또는 한옥 보전ㆍ진흥을 위하여 건축조례로 정하는 구역”은 다음 각 호의 어느 하나에 해당하는 구역으로 한다.〈개정 2017. 5. 4, 2019. 3. 6〉

1. 너비 20미터 이상의 도로에 접한 대지상호 간

2. 지구단위계획 등으로 맞벽건축이 가능하도록 계획된 지역

3. 경관지구 내에서 도로에 접한 대지상호 간

② 영 제81조제4항에 따른 “맞벽에 필요한 사항”은 다음 각 호와 같다. 다만, 지구단위계획구역의 경우에는 해당 계획구역에서 정한 건축기준에 의한다.〈개정 2017. 5. 4, 2018. 8. 9, 2019. 7. 1〉

1. 맞벽 건축물의 용도는 위험물저장 및 처리시설, 공장, 창고시설, 동물 및 식물관련시설, 자원순환 관련 시설, 묘지 관련 시설, 장례시설을 제외한 용도에 적용할 것

2. 맞벽 건축물의 수는 2동 이하, 맞벽 부분은 5층 이하로 할 것

3. 맞벽 건축물의 면은 전면도로에 일직선이 되게 할 것
〔전문개정 2015. 10. 30〕

제8장 건축물의 높이

제35조
삭제〈2015. 10. 30〉

제36조(일조 등의 확보를 위한 건축물의 높이 제한) ① 영 제86조제1항에 따라 전용주거지역 또는 일반주거지역에서 건축물을 건축하는 경우에는 건축물의 각 부분을 정북방향으로의 인접 대지경계선으로부터 다음 각 호에서 정하는 거리 이상 띄어 건축하여야 한다.〈개정 2013. 6. 11, 2015. 4. 13, 2015. 10. 30, 2017. 5. 4, 2024. 5. 10〉

1. 삭제〈2013. 6. 11〉

2. 높이 10미터 이하인 부분 : 인접 대지경계선으로부터 1.5미터 이상

3. 높이 10미터를 초과하는 부분 : 인접 대지경계선으로부터 해당 건축물 각 부분 높이의 2분의 1 이상

② 다음 각 호의 어느 하나에 해당하는 경우에는 제1항을 적용하지 아니한다.〈신설 2018. 8. 9〉

1. 다음 각 목의 어느 하나에 해당하는 구역 안의 대지 상호간에 건축하는 건축물로서 해당 대지가 너비 20미터 이상의 도로(자동차ㆍ보행자ㆍ자전거 전용도로를 포함하며, 도로에 공공공지, 녹지, 광장, 그 밖에 건축미관에 지장이 없는 도시ㆍ군계획시설이 접한 경우 해당 시설을 포함한다)에 접한 경우

가. 「국토의 계획 및 이용에 관한 법률」 제51조에 따른 지구단위계획구역 및 같은 법 제37조제1항제1호에 따른 경관지구

나. 「경관법」 제9조제1항제4호에 따른 중점경관관리구역

다. 법 제77조의2제1항에 따른 특별가로구역

라. 도시미관 향상을 위하여 허가권자가 지정ㆍ공고하는 구역

2. 건축협정구역 안에서 대지 상호간에 건축하는 건축물(법 제77조의4제1항에 따른 건축협정에 일정 거리 이상을 띄어 건축하는 내용이 포함된 경우만 해당한다)의 경우

3. 건축물의 정북 방향의 인접 대지가 전용주거지역이나 일반주거지역이 아닌 용도지역에 해당하는 경우

③ 영 제86조제3항 단서에 따라 채광을 위한 창문 등이 있는 벽면에서 직각 방향으로 인접 대지경계선까지의 수평거리가 2.5미터 이상인 다세대주택의 경우에는 영 제86조제3항제1호를 적용하지 아니하다.〈개정 2013. 10. 1, 2015. 4. 13, 2016. 10. 12, 2017. 5. 4, 2018. 8. 9〉

④ 「전통시장 및 상점가 육성을 위한 특별법」 제53조 및 같은 법 시행령 제31조제1항에 따라 일반주거지역 및 준주거지역에 위치한 시장이 시장정비사업으로 공동주택을 갖춘 복합형 상가건물을 건축하는 경우에는 건축물의 각 부분의 높이는 그 부분의 채광을 위한 창문 등이 있는 벽면으로부터 직각 방향으로 인접 대지경계선까지의 수평거리의 4배 이하로 하여야 한다.〈개정 2015. 4. 13, 2017. 5. 4, 2018. 8. 9〉

⑤ 영 제86조제3항제2호가목 및 나목에 따라 조례로 정하는 거리는 다음 각 호와 같다.〈개정 2013. 6. 11, 2015. 4. 13, 2016. 10. 12, 2018. 8. 9, 2022. 4. 13〉

1. 영 제86조제3항제2호가목의 경우: 채광을 위한 창문 등이 있는 벽면으로부터 직각방향으로 건축물 각 부분 높이의 1배(도시형 생활주택의 경우에는 0.6배) 이상

2. 영 제86조제3항제2호나목의 경우: 제1호에도 불구하고 서로 마주보는 건축물 중 높은 건축물(높은 건축물을 중심으로 마주보는 두 동의 축이 시계방향으로 정동에서 정서 방향인 경우만 해당한다)의 주된 개구부(거실과 주된 침실이 있는 부분의 개구부를 말한다)의 방향이 낮은 건축물을 향하는 경우에는 10미터 이상으로서 낮은 건축물 각 부분의 높이의 1배(도시형 생활주택의 경우에는 0.6배) 이상

⑥ 법 제61조제4항에 따라? 정북방향으로 접하고 있는 인접대지의 소유자와 합의한 경우 2층 이하로서 높이가 8미터 이하인 건축물은 법 제61조제1항부터 제3항까지의 규정을 적용하지 아니한다.〈신설 2015. 10. 30, 개정 2018. 8. 9〉
〔제목개정 2017. 5. 4〕

제9장 공개 공지〈개정 2017. 5. 4〉

제37조(공개 공지의 확보) ① 영 제27조의2제1항제2호에 따라 공개 공지 또는 공개 공간(이하 “공개공지등”이라 한다)을 확보하여야 하는 대상건축물은 다음 각 호의 어느 하나에 해당하는 용도로 쓰는 바닥면적의 합계가 5천 제곱미터 이상인 건축물로 하되, 바닥면적의 합계는 둘 이상의 용도가 복합된 건축물인 경우 각 용도별(공개공지등을 확보해야 하는 건축물의 용도) 바닥면적의 합계를 모두 합한 면적으로 한다. 다만, 공공건축물 중 시장이 필요하지 않다고 인정한 건축물은 공개공지 등을 확보하지 아니할 수 있다.〈개정 2015. 4. 13, 2015. 10. 30, 2017. 5. 4, 2018. 8. 9, 2019. 7. 1, 2020. 1. 10, 2022. 2. 28〉

1. 의료시설

2. 운동시설

3. 위락시설 중 유원시설업의 시설

4. 장례시설

5. 교육연구시설

6. 노유자시설

7. 관광휴게시설

8. 공장 중 지식산업센터

② 영 제27조의2제2항에 따라 대지 안에 확보하여야 하는 공개공지등의 면적은 다음 각 호에서 정하는 비율로 한다.〈개정 2014. 5. 2, 2015. 4. 13, 2015. 10. 30, 2017. 5. 4, 2018. 8. 9, 2019. 7. 1〉

1. 제1항에 따른 바닥면적 합계가 5천 제곱미터 이상 1만 제곱미터 미만 : 대지면적의 5퍼센트

2. 제1항에 따른 바닥면적 합계가 1만 제곱미터 이상 3만 제곱미터 미만 : 대지면적의 7퍼센트

3. 제1항에 따른 바닥면적 합계가 3만 제곱미터 이상 : 대지면적의 10퍼센트

③ 영 제27조의2제3항에 따라 공개공지등은 다음 각 호의 기준에 적합하게 설치 및 관리하여야 한다.〈개정 2015. 4. 13, 2015. 10. 30, 2017. 5. 4, 2018. 8. 9〉

1. 대지에 접한 도로 중 가장 넓은 도로변(공개 공지의 한 면이 4분의 1 이상 도로에 접할 것)으로서 보도와의 단차가 없이 일반인의 접근 및 이용이 편리한 장소에 가로환경과 조화를 이루는 소공원(쌈지공원)형태로 설치 할 것. 다만, 가장 넓은 도로변에 설치가 불합리한 경우에는 위원회의 심의를 거쳐 그 위치를 따로 정할 수 있다.

2. 삭제〈2015. 10. 30〉

3. 건축물에 출입을 위한 통로가 되어서는 아니 되고 한변의 최소 폭은 5미터 이상으로 할 것.

4. 옥외공지를 확보할 것. 다만, 부득이한 사유로 필로티 구조로 하는 경우에는 2분의 1만 공개공지등의 면적으로 산입할 수 있다.

5. 수목, 벤치, 파고라, 시계탑, 분수, 음수전, 수경시설, 환경조형물, 정보게시판, 야외무대(지붕 등 그 밖에 시설물의 설치를 수반하지 아니한 것에 한정한다), 조도 50룩스 이상의 조명시설 등 다중의 이용에 편리한 시설을 설치할 것

6. 일반인의 출입을 차단하는 시설물을 설치하지 아니할 것

7. 공개공지등을 설치한 건축물의 건축주는 위법행위가 발생하지 않도록 연 1회 이상 확인 관리할 것

8. 공개공지등은 지상에 설치할 것. 다만, 상부가 개방된 구조로 지하철 또는 경전철 연결통로에 접하거나 다수 공중이 이용 가능한 공간인 경우에는 건축위원회의 심의를 거쳐 지하부분에 공개공지등을 설치할 수 있다.

④ 삭제〈2015. 10. 30〉

⑤ 제1항에 따라 설치되는 공개공지등은 법 제42조에 따른 조경면적에 포함하여 산정한다.〈개정 2015. 10. 30, 2017. 5. 4, 단서삭제 2019. 7. 1〉

⑥ 영 제27조의2제6항에 따라 공개공지등에는 연간 60일 이내의 기간 동안 주민들을 위한 문화행사를 열거나 판촉활동을 할 수 있는 임시적 시설물을 설치할 수 있다. 다만, 울타리를 설치하는 등 공중이 해당 공개공지등을 이용하는데 지장을 주는 행위를 해서는 아니 된다.〈개정 2013. 6. 11, 2017. 5. 4〉
〔제목개정 2017. 5. 4〕

제10장 보칙

제38조(옹벽 및 공작물 등의 준용) ① 영 제118조제1항제9호에서 “건축조례로 정하는 제조시설, 저장시설(시멘트사일로를 포함한다), 유희시설, 그 밖에 이와 비슷한 것”이란 지붕과 벽 또는 기둥을 식별하기 곤란한 것으로, 다음 각 호의 어느 하나에 해당하는 공작물을 말한다.〈개정 2014. 5. 2, 2015. 4. 13, 2015. 10. 30, 2017. 5. 4, 2018. 8. 9〉

1. 제조시설 : 레미콘믹서, 석유화학제품제조시설, 그 밖에 이와 유사한 것

2. 저장시설 : 건조시설, 석유저장시설, 석탄저장시설, 시멘트저장용 사일로, 그 밖에 이와 유사한 것

3. 유희시설 :「관광진흥법」에 따른 유원시설업의 허가 및 신고를 받아야 하는 시설로서 영 별표 1에 따른 건축물이 아닐 것

4. 소각시설(연돌높이 6미터 이상 및 「대기환경보전법」에 따라 배출시설설치허가 신고대상에 해당되는 100킬로그램/시간 이상의 소각로에 한정한다)

② 영 제118조제1항제10호에서 “건축물의 구조에 심대한 영향을 줄 수 있는 중량물로서 건축조례로 정하는 것”이란 기존 건축물 위에 별도로 설치하는 적재하중 15톤 이상(2회 이상 나누어 설치하는 경우에는 기존에 설치된 중량과, 공작물 설치를 위한 구조물의 중량을 포함한 하중을 말한다)인 냉각탑ㆍ냉장고ㆍ종탑ㆍ물탱크ㆍ변전설비ㆍ발전시설ㆍ화물인양기(화물만재 시의 하중으로 한다), 그 밖에 이와 유사한 시설물을 말하며, 이 경우에는 건축구조기술사의 협력을 받아 신고하여야 한다.〈개정 2013. 6. 11, 2014. 5. 2, 2015. 4. 13, 2015. 10. 30, 2017. 5. 4, 2018. 8. 9〉
〔제목개정 2014. 5. 2〕

제39조(그 밖의 위반건축물 이행강제금 기준) ① 법 제80조제1항 각 호 외의 부분 단서에서 “지방자치단체의 조례로 정하는 금액”이란 법 제80조제1항제1호 및 제2호에 따라 산정된 이행강제금의 2분의 1에 해당하는 금액을 말한다.〈개정 2015. 4. 13〉

② 주거용 건축물로서 법 제80조제1항제2호 및 영 제115조의2제1항제5호에 따라 “건축조례로 정하는 위반사항”은 다음 각 호의 어느 하나에 해당하는 경우를 말한다.〈개정 2014. 5. 2, 2015. 4. 13, 2017. 5. 4, 2018. 8. 9〉

1. 법 제19조제3항에 따른 건축물의 기재내용의 변경신청을 하지 않은 경우

2. 법 제20조제3항에 따른 가설건축물 신고를 하지 않은 경우

3. 법 제21조에 따른 착공신고를 하지 않은 경우

③ 영 별표 15의 제13호에 따른 「건축법」 또는 같은 법에 따른 명령이나 처분을 위반한 건축물의 이행강제금은 시가표준액의 100분의 3으로 한다. 다만, 면적을 산출할 수 없는 옹벽 등의 공작물에 대해서는 설치공사비의 100분의 3으로 한다.〈개정 2015. 4. 13, 2015. 10. 30, 2018. 8. 9〉

④ 법 제80조제5항에 따라 최초의 시정명령이 있었던 날을 기준으로 1년에 1회에 한하여 그 시정명령이 이행될 때까지 반복하여 이행강제금을 부과ㆍ징수 할 수 있다.〈개정 2015. 4. 13, 2016. 10. 12〉

⑤ 삭제〈2020. 1. 10〉

⑥ 법 제80조제2항에 따라 조례로 정하는 이행강제금 가중 비율은 100분의 50으로 한다.〈신설 2022. 2. 28, 개정 2024. 12. 6〉

제39조의2(이행강제금 부과에 관한 특례) 법 제80조의2제1항 단서에서 “지방자치단체의 조례로 정하는 기간”이란 최초 시정명령이 있었던 날부터 1년 이내를 말한다.
〔본조신설 2017. 5. 4〕

제40조(지역건축안전센터의 설치·운영) ① 시장은 법 제87조의2에 따라 「시설물의 안전 및 유지관리에 관한 특별법」등 관련법에 따른 안전점검 의무관리대상이 아닌 건축물(이하 “임의관리대상 건축물”이라 한다)의 안전관리 및 지진·화재·공사장 안전관리 등 지역 내 민간건축물의 안전관리를 위하여 용인시 건축안전센터(이하 ""건축안전센터""라 한다)를 설치하여 운영한다.

② 건축안전센터는 다음 각 호의 업무를 수행한다.〈개정 2022. 2. 28〉

1. 법 제87조의2제1항제1호, 제1호의2 및 제2호에 따른 업무

2. 임의관리대상 건축물의 안전관리 및 안전검검 지원에 관한 사항

3. 건축공사장 안전에 대한 관리·감독 및 위반사항에 대한 시정

4. 지진·화재 등 건축물 부문 재난대비 안전대책 수립 및 시행

5. 건축물의 점검 및 개량·보수에 대한 기술지원, 정보제공

6. 그 밖에 시장이 건축물의 안전을 위하여 필요하다고 인정하는 경우

③ 건축안전센터는 제2항제2호에 따른 업무를 수행함에 있어서 임의관리대상 건축물의 소유자·관리자 또는 점유자가 해당 건축물이 위험하다고 판단하여 현장 안전점검을 신청한 경우에는 이를 접수하고 특별한 사유가 없는 한 현장 안전점검을 지원하여야 한다.

④ 건축안전센터는 제3항에 따른 건축물 현장 안전점검을 실시하는 경우에는 육안점검 및 보유장비를 활용하여 측정하여야 하며, 안전점검이 완료된 때는 별표 3의 등급기준에 따라 그 결과를 즉시 건축물의 소유자·관리자 또는 점유자에게 통보하고 관련정보는 전산으로 관리하여야 한다.
〔본조신설 2020. 1. 10〕

제41조(건축안전특별회계의 설치·운용) 시장은 법 제87조의3에 따라 건축안전센터의 설치·운영 등을 지원하기 위하여 건축안전특별회계를 설치할 수 있다.
〔본조신설 2020. 1. 10〕

제42조(건축문화상) 시장은 건축문화의 창달·발전을 위하여 매년 우수한 건축물을 선정하여 건축문화상을 시상할 수 있다.
〔종전 제40조에서 이동 2020. 1. 10〕

제43조(건축협정의 체결) ① 건축협정을 체결할 수 있는 구역으로서 법 제77조의4제1항제5호에서 “지방자치단체의 조례로 정하는 구역”이란 다음 각 호의 어느 하나에 해당하는 지역 또는 구역을 말한다.

1. 「도시 및 주거환경 정비법」에 따른 주택재개발사업 및 주택재건축사업, 도시환경정비사업을 위한 정비구역(정비예정구역을 포함한다)이 해제된 구역

2. 그 밖에 시장이 도시 및 주거환경개선이 필요하다고 인정하여 고시하는 지역 또는 구역

② 건축협정서에 명시되어야 할 사항으로서 법 제77조의4제5항제9호에서 “지방자치단체의 조례로 정하는 사항”이란 다음 각 호의 사항을 말한다.

1. 건축협정 승계에 관한 사항

2. 건축협정 변경 또는 폐지에 관한 사항

3. 건축협정 이행계획에 관한 사항

4. 건축협정 이행에 소요되는 비용의 부담 방안

5. 협정지역 내 도로, 상ㆍ하수도 등 기반시설의 유지ㆍ관리에 관한 사항

6. 그 밖의 건축협정 운영에 필요한 사항
〔본조신설 2022. 2. 28〕

부칙
제1조(시행일) 이 조례는 공포한 날부터 시행한다.

제2조(일반적 경과조치) 이 조례 시행 전에 건축허가를 받았거나 건축허가를 신청한 것과 건축을 위하여 신고를 한 것에 관하여는 종전의 규정에 의한다. 다만, 종전의 규정이 개정규정에 비하여 건축주·시공자 또는 감리자에게 불리한 경우에는 개정규정에 의한다.

부칙〈2012. 11. 9 조례 제1256호〉
이 조례는 공포한 날부터 시행한다.

부칙〈2012. 12. 11 조례 제1264호, 각종 위원회 설치 및 운영 조례〉
제1조(시행일) 이 조례는 2013. 1. 1부터 시행한다.

제2조 및 제3조 생략

제4조(다른 조례의 개정) 이 조례 시행 전의 다른 조례에서 별표와 같이「용인시 각종위원회 실비 변상 조례」를 인용한 조항은「용인시 각종위원회 설치 및 운영 조례」를 인용한 것으로 개정한다.

별표 생략.

부칙〈2013. 6. 11 조례 제1301호〉
이 조례는 공포한 날부터 시행한다. 다만, 제4조 및 제7조, 제9조의 개정규정은 공포 후 새로이 지방건축위원회가 구성되기 전까지 종전의 규정에 의한다.

부칙 〈2013. 10. 1 조례 제1325호〉
이 조례는 공포한 날부터 시행한다.

부칙〈2014. 5. 2 조례 제1366호〉
이 조례는 공포한 날부터 시행한다. 다만, 제27조의 개정 규정은 공포 후 6개월이 경과한 날부터 시행한다.

부칙〈2015. 4. 13 조례 제1445호〉
제1조(시행일) 이 조례는 공포한 날부터 시행한다.

제2조(건축위원회 심의 등에 관한 적용례) 제12조제1항의 개정 규정은 이 조례 시행 후 건축위원회 심의를 신청하는 건축물부터 적용한다.

부칙〈2015. 10. 30 조례 제1509호〉
제1조(시행일) 이 조례는 공포한 날부터 시행한다.

제2조(일반적 경과조치) 이 조례 시행 전에 건축허가를 받았거나 건축허가를 신청한 것과 건축을 위하여 신고를 한 것에 관하여는 종전의 규정에 따른다. 다만, 종전의 규정이 개정규정에 비하여 건축주·시공자 또는 감리자에게 불리한 경우에는 개정규정에 따른다.

부칙〈2016. 10. 12 조례 제1607호〉
이 조례는 공포한 날부터 시행한다.

부칙〈2017. 5. 4 조례 제1661호〉
이 조례는 공포한 날부터 시행한다.

부칙〈2017. 10. 2 조례 제1713호, 행정기구 및 정원 조례〉
제1조(시행일) 이 조례는 공포한 날부터 시행한다.

제2조(다른 조례의 개정) ① 부터 ⑤ 까지 생략

⑥ 「용인시 건축 조례」를 다음과 같이 개정한다.

제4조제2항, 제3항 중 “부시장”을 “제2부시장”으로 한다.

⑦ 부터? 까지 생략

부칙〈2018. 8. 9 조례 제1849호〉
제1조(시행일) 이 조례는 공포한 날부터 시행한다.

제2조(건축위원회 심의 등에 관한 적용례) 제12조제1항의 개정 규정은 이 조례 시행 후 건축위원회 심의를 신청하는 건축물부터 적용한다.

제3조(가설건축물 축조 신고에 관한 경과조치) 이 조례 시행 전에 법 제20조제3항에 따라 축조 신고를 한 가설건축물에 대하여는 제23조제2항의 개정규정에도 불구하고 종전의 규정에 따른다.

부칙〈2019. 3. 6 조례 제1907호, 도시계획 조례〉
제1조(시행일) 이 조례는 공포한 날부터 시행한다.

제2조 생략

제3조(다른 조례의 개정) ① 「용인시 건축 조례」를 다음과 같이 개정한다.

제34조제1항제3호 중 “경관지구 또는 미관지구”를 “경관지구”로 한다.

② 부터 ④ 까지 생략

부칙〈2019. 7. 1 조례 제1938호〉
제1조(시행일) 이 조례는 공포한 날부터 시행한다. 다만, 제37조제1항제5호부터 제8호까지의 개정규정은 공포 후 6개월이 경과한 날로부터 시행한다.

제2조(일반적 경과조치) 이 조례 시행당시 다음 각 호의 어느 하나에 해당하는 경우에는 건축기준 등의 적용에 있어서는 종전의 규정에 따른다. 다만, 종전의 규정이 개정규정에 비하여 건축주ㆍ시공자 또는 공사감리자에게 불리한 경우에는 개정규정에 의한다.

1. 건축허가를 신청한 경우와 건축허가를 받거나 건축신고를 한 경우

2. 건축허가를 신청하기 위하여 영 제5조의5에 따라 건축위원회의 심의를 신청한 경우

3. 건축하고자 하는 대지에 「국토의 계획 및 이용에 관한 법률」 제30조제6항에 따라 지구단위계획에 관한 도시관리계획의 결정고시(다른 법률에 따라 의제되는 경우를 포함한다)가 있는 경우. 다만, 지구단위계획에 포함된 건축기준에 한하여 종전의 규정을 적용할 수 있다.

제3조(기존 건축물 등의 특례에 관한 경과조치) 별표 2의 개정에도 불구하고 이 조례 시행 당시 건축허가(신고)된 기존 다중이용 건축물 및 준다중이용 건축물의 건축선 및 인접 대지경계선으로부터의 거리가 별표 2의 기준에 미달하는 경우에도 제16조제2항에 따라 건축물의 용도를 변경할 수 있다.

부칙〈2020. 1. 10 조례 제2004호〉
제1조(시행일) 이 조례는 공포한 날부터 시행한다.

제2조(용인시 건축위원회 심의사항에 관한 적용례) 제3조의2제1항제2호의 개정규정은 이 조례 시행 후 건축위원회 심의를 신청하는 건축물부터 적용한다.

부칙〈2020. 10. 30 조례 제2074호, 건축물관리 조례〉
제1조(시행일) 이 조례는 공포한 날부터 시행한다.

제2조(다른 조례의 개정) 용인시 건축 조례 일부를 다음과 같이 개정한다.

제27조를 삭제한다.

부칙〈2022. 2. 28 조례 제2275호〉
제1조(시행일) 이 조례는 공포한 날부터 시행한다.

제2조(일반적 경과조치) 이 조례 시행당시 다음 각 호의 어느 하나에 해당하는 경우에는 건축기준의 적용에 있어서는 종전의 규정에 따른다. 다만, 종전의 규정이 개정규정에 비하여 건축주·시공자 또는 공사감리자에게 불리한 경우에는 개정규정에 따른다.

1. 건축허가를 신청한 경우와 건축허가를 받았거나 건축신고를 한 경우

2. 건축허가를 신청하기 위하여 영 제5조의5에 따라 건축위원회의 심의를 신청한 경우

3. 건축하고자 하는 대지에 「국토의 계획 및 이용에 관한 법률」제30조제6항에 따라 지구단위계획에 관한 도시관리계획의 결정고시(다른 법률에 따라 의제되는 경우를 포함한다)가 있는 경우. 다만, 지구단위계획에 포함된 건축기준에 한정하여 종전의 규정을 적용할 수 있다.

부칙〈2022. 4. 13 조례 제2291호〉
제1조(시행일) 이 조례는 공포한 날부터 시행한다.

제2조(일반적 경과조치) 이 조례 시행 전에 건축허가(건축심의 신청을 포함한다)를 신청한 경우와 건축허가를 받았거나 건축신고를 한 경우 또는 건축위원회 심의를 받은 경우에는 종전의 규정에 따른다. 다만, 종전의 규정이 개정규정에 비하여 건축주·시공자에게 불리한 경우에는 개정규정에 따른다.

부칙〈2023. 11. 6 조례 제2458호〉
이 조례는 공포한 날부터 시행한다.

부칙〈2024. 5. 10 조례 제2518호〉
제1조(시행일) 이 조례는 공포한 날부터 시행한다.

제2조(기존의 건축물 등에 대한 특례 및 일조 등의 확보를 위한 건축물의 높이 제한에 관한 적용례)·제16조제1항 및 제36조제1항의 개정규정은 이 조례 시행 이후 다음 각 호의 신청이나 신고를 하는 경우부터 적용한다.

1. 법 제11조에 따른 건축허가(법 제16조에 따른 변경허가 및 변경신고를 포함한다)의 신청(건축허가를 신청하기 위해 법 제4조의2제1항에 따라 건축위원회에 심의를 신청하는 경우를 포함한다)

2. 법 제14조에 따른 건축신고(법 제16조에 따른 변경허가 및 변경신고를 포함한다)

3. 제1호 및 제2호에 따른 허가나 신고가 의제되는 다른 법률에 따른 허가ㆍ인가ㆍ승인 등의 신청 또는 신고

부칙〈2024. 12. 6 조례 제2583호〉
제1조(시행일) 이 조례는 공포한 날부터 시행한다.

제2조(이행강제금 부과에 관한 적용례) 제39조제6항의 개정규정은 이 조례 시행 이후 이행강제금을 부과하는 경우부터 적용한다.

부칙〈2025. 6. 30 조례 제2638호〉
제1조(시행일) 이 조례는 공포한 날부터 시행한다. 다만, 제7조의4제2항의 개정 규정은 2025년 12월 18일부터 시행한다.

제2조(가설건축물축조신고에 관한 적용례) 제23조제2항제11호의 개정 규정은 2025년 1월 24일 이후 신고한 것부터 적용한다.",www.elis.go.kr/allalr/selectAlrBdtOne?alrNo=41490130226020&histNo=040&menuNm=main
G_Y_002,경기도 용인시,용인시 건축물관리 조례,유지/관리,행정/재정적 지원,용인시 점검 대상 선정 및 비용 지원,용인시 내 관리대상 건축물,"제1조(목적) 이 조례는 「건축물관리법」 및 같은 법 시행령과 시행규칙에서 조례로 정하도록 위임한 사항과 그 시행에 필요한 사항 등 건축물의 관리에 관한 사항을 규정함을 목적으로 한다.

제2조(적용 범위) 이 조례는 용인시(이하 “시”라 한다) 행정구역 안의 건축물 및 그 대지에 대하여 적용한다.

제3조(정기점검의 대상) 「건축물관리법 시행령」(이하 “영”이라 한다) 제8조제1항제1호에서 “조례로 정하는 건축물”이란 연면적이 2천 제곱미터 이상인 건축물 중 다음 각 호의 어느 하나에 해당하는 건축물을 말한다.

1. 「다중이용업소의 안전관리에 관한 특별법 시행령」 제2조제1호, 제3호부터 제7호까지, 제7호의3부터 제7호의5까지의 업소 중 해당 업소의 영업장 면적이 1천 제곱미터 이상인 건축물

2. 「다중이용업소의 안전관리에 관한 특별법 시행령」 제2조제2호, 제7호의2, 제8호의 업소 중 해당 업소의 영업장 면적이 500제곱미터 이상인 건축물

제4조(긴급점검의 대상) 영 제9조제1항제2호에서 “조례로 정하는 경우”란 용인시장(이하 “시장”이라 한다)이 다음 각 호의 어느 하나에 해당하는 기관의 심의 또는 점검을 거쳐 침하, 좌굴, 처짐, 그 밖의 구조적 손상 등으로 건축물의 안전한 이용에 중대한 영향을 미칠 우려가 있다고 인정하는 경우를 말한다.

1. 「용인시 건축 조례」(이하 “건축조례”라 한다) 제7조의4제1항에 따른 전문위원회 중 구조부문 전문위원회(이하 “구조전문위원회”라 한다)의 심의

2. 건축조례 제40조제1항에 따른 용인시 건축안전센터의 점검

제5조(소규모 노후 건축물등 점검 대상) ① 「건축물관리법」(이하 “법”이라 한다) 제15조제1항제1호에서 “사용승인 후 30년 이상 지난 건축물 중 조례로 정하는 규모의 건축물”이란 2층 이하이면서 연면적이 1천 제곱미터 미만인 건축물 중 구조전문위원회의 심의결과 점검이 필요하다고 인정하는 건축물을 말한다. 다만, 다음 각 호의 어느 하나에 해당하는 건축물은 제외한다.

1. 「도시 및 주거환경정비법」 제2조에 따른 정비구역 내 건축물

2. 「주택법」 제2조에 따른 공동주택

3. 「공공주택 특별법」 제6조에 따른 공공주택지구로 지정된 주택지구 내 건축물

4. 「도시개발법」 제3조에 따른 도시개발구역으로 지정된 구역 내 건축물

② 영 제10조제1항제7호에서 “조례로 정하는 건축물”이란 사면 및 석축 등에 인접하여 건축된 건축물로서 구조안전의 확보가 곤란한 2층 이하이면서 연면적이 1천 제곱미터 미만인 건축물을 말한다.

제6조(안전진단의 대상) 영 제11조제1항제2호에서 “조례로 정하는 경우”란 「화재예방, 소방시설 설치·유지 및 안전관리에 관한 법률」 제4조에 따른 소방특별조사 결과 인명 또는 재산피해가 클 것으로 예상되는 소방청장이 지정하는 대상 건축물을 말한다.

제7조(건축물 해체의 신고 대상 건축물) 영 제21조제1항제3호에서 “조례로 정하는 건축물”이란 다음 각 호의 어느 하나에 해당하는 경우를 말한다.

1. 「건축법」 제20조제3항에 따른 축조신고 대상 가설건축물. 이 경우 축조신고를 하지 않은 가설건축물을 포함하되 전시를 위한 견본주택이나 그 밖에 이와 비슷한 것은 제외한다.

2. 「건축법 시행령」 제11조제3항제4호에 따른 공장

제7조의2(건축물 해체의 허가 대상) ① 법 제30조제2항제1호에 따라 “해당 건축물 주변의 일정 반경 내에 조례로 정하는 시설이 있는 경우”란 해당 건축물 외벽으로부터 20미터 반경 내에 다음 각 호의 어느 하나에 해당하는 시설물이 있는 경우를 말한다.

1. 버스 정류장

2. 도시철도 역사 출입구

3. 횡단보도

4. 육교 및 지하도 출입구

② 법 제30조제2항제2호에 따라 “조례로 정하는 폭 이상의 도로가 있는 경우”란 해당 건축물의 외벽으로부터 건축물의 높이에 해당하는 범위 내에 폭 25미터 이상의 도로가 있는 경우를 말한다.

③ 법 제30조제2항제3호에서 “조례로 정하는 경우”란 다음 각 호의 어느 하나에 해당하는 경우를 말한다.

1. 해당 건축물의 대지와 「유통산업발전법」 제2조제3호에 따른 대규모점포의 대지가 연접(해당 건축물의 높이에 해당하는 거리 이내에 공원, 공공공지, 광장, 도로 등이 있는 경우를 포함한다)한 경우

2. 그 밖에 해당 건축물의 해체로 인하여 인근 주민이나 유동인구의 안전에 심각한 위해를 줄 우려가 있는 등 허가권자가 필요하다고 인정하는 경우
〔본조신설 2022. 8. 16〕

제7조의3(현장점검) 영 제21조의3제4호에서 “조례로 정하는 경우”란 영 제21조제5항 각 호에 해당하는 건축물의 지붕 해체공정 착수 전을 말한다.
〔본조신설 2023. 4. 27〕

제8조(해체공사감리자의 교체) 영 제23조제4호에서 “조례로 정하는 경우”란 다음 각 호의 어느 하나에 해당하는 경우를 말한다.

1. 지병으로 인한 치료 또는 입원으로 직무를 수행할 수 없는 경우

2. 국내외 장기 출장으로 직무를 수행할 수 없는 경우

3. 해체공사감리자의 직무태만·품위손상 및 그 밖의 사유로 해체공사감리자로 적합하지 않다고 시장이 인정하는 경우

제9조(지역건축물관리지원센터 설치 및 운영) ① 시장은 법 제40조 및 규칙 제20조에 따라 효율적으로 건축물을 관리할 수 있도록 기술지원, 정보제공, 안전대책의 수립 등을 위하여 용인시 건축물관리지원센터(이하 “건축물관리지원센터”라 한다)를 설치하여 운영한다.

② 제1항에 따른 건축물관리지원센터는 「건축법」 제87조의2제1항에 따라 설치한 지역건축안전센터와 통합하여 운영한다.

③ 제1항에 따른 건축물관리지원센터는 다음 각 호의 업무를 수행한다.

1. 법 제39조제3항에 따른 업무

2. 건축물관리점검 및 점검결과 이행에 대한 기술지원, 정보제공

3. 해체공사감리자에 대한 관리·감독

4. 시민의 안전문화 정착과 의식제고를 위한 교육·홍보

5. 그 밖에 시장이 건축물의 안전 및 성능확보를 위하여 필요하다고 인정하는 사항

제10조(빈 건축물 감정평가업자의 선정) ① 영 제31조제5항에 따라 빈 건축물의 해체보상비 지급을 위해 선정하는 감정평가업자는 다음 각 호의 자로 한다.

1. 빈 건축물의 해체보상비 지급을 위한 감정평가업자 2명 중 1명: 시장이 「감정평가 및 감정평가사에 관한 법률」 제33조에 따른 한국감정평가사협회에 감정평가업자 추천을 의뢰하여 추천받은 자

2. 빈 건축물의 소유자의 소재를 알 수 없는 경우나 빈 건축물 소유자가 영 제31조제3항에 따른 기간 내에 감정평가업자를 추천하지 않는 경우: 「감정평가 및 감정평가사에 관한 법률」 제33조에 따른 한국감정평가사협회에 감정평가업자 추천을 의뢰하여 추천받은 자

② 제1항의 선정 방법으로 감정평가업자를 선정하지 못하는 경우 시장이 따로 정하는 기준에 따라 선정한다.

③ 제1항 및 제2항에도 불구하고 감정평가업자가 다음 각 호의 어느 하나에 해당하는 경우에는 선정대상에서 제외한다.

1. 「감정평가 및 감정평가사에 관한 법률」 제32조에 따른 업무정지처분 기간이 만료된 날부터 6개월이 경과되지 아니한 자

2. 「공익사업을 위한 토지 등의 취득 및 보상에 관한 법률」 제95조, ·감정평가 및 감정평가사에 관한 법률· 제49조·제50조에 따라 벌금 이상의 형을 받은 날부터 1년이 경과하지 아니한 자

3. 「감정평가 및 감정평가사에 관한 법률」 제52조에 따른 과태료 처분을 받은 날부터 6개월이 경과되지 아니한 자

부칙
제1조(시행일) 이 조례는 공포한 날부터 시행한다.

제2조(다른 조례의 개정) 용인시 건축 조례 일부를 다음과 같이 개정한다.

제27조를 삭제한다.

부칙〈2022. 8. 16 조례 제2329호〉
제1조(시행일) 이 조례는 2022년 8월 4일부터 시행한다.

제2조(건축물 해체 허가에 관한 경과조치) 이 조례 시행 전에 건축물 해체 신고를 한 것 중 개정규정 제7조의2에 해당하는 것은 개정규정에도 불구하고 종전의 규정을 따른다. 다만, 종전의 규정이 개정규정에 비하여 관리자에게 불리한 경우에는 개정규정에 따를 수 있다.

부칙〈2023. 4. 27 조례 제2399호〉
이 조례는 공포한 날부터 시행한다.",www.elis.go.kr/allalr/selectAlrBdtOne?alrNo=41490130226014&histNo=003&menuNm=main
G_Y_003,경기도 용인시,용인시 도시계획 조례,국토/도시계획,지역 밀도/용도 제한,"건폐율/용적률 결정, 개발행위 허가",용인시 내 토지 및 건축물,"제1장 총칙

제1조(목적) 이 조례는 「국토의 계획 및 이용에 관한 법률」, 같은 법 시행령, 같은 법 시행규칙 및 관계 법령에서 조례로 정하도록 한 사항과 그 시행에 필요한 사항을 규정함을 목적으로 한다.〈개정 2015. 1. 9, 2017. 1. 9〉

제2조(국토이용 및 관리의 기본방향) 용인시(이하 “시”라 한다)의 국토이용 및 관리는「국토의 계획 및 이용에 관한 법률」(이하 “법”이라 한다) 제3조의 기본원칙을 바탕으로 자연환경의 보전 및 자원의 효율적 활용을 통하여 환경적으로 건전하고 지속가능한 발전을 이루는 것을 기본방향으로 한다.

제2장 도시기본계획

제3조(도시기본계획의 위상) 법 제22조의2에 따라 경기도지사의 승인을 얻은 용인시 도시기본계획(이하 “도시기본계획”이라 한다)은 용인시장(이하 “시장”이라 한다)이 수립하는 도시개발 및 도시관리 등에 관한 각종 계획의 기본이 된다.〈개정 2017. 1. 9〉

제4조(추진기구 및 자문단 등) ① 시장은 법 제18조에 따라 도시기본계획을 수립하고자 할 경우에는 별도의 추진 기구를 한시적으로 운영할 수 있다.

② 시장은 도시기본계획의 합리적 수립과 자문에 필요한 경우 전문가로 구성된 자문단을 운영할 수 있다.

③ 제2항에 따른 자문은 도시기본계획 승인요청을 위한 용인시 도시계획위원회(이하 “위원회”라 한다)의 자문으로 갈음할 수 없다.
〔제목개정 2019. 3. 6〕

제5조(도시기본계획 공청회의 개최방법) ① 시장은 도시기본계획과 관련된 각종 위원회, 시민단체, 용인시의회 또는 간담회 등을 통하여 관계 전문가의 의견을 청취할 수 있다.

② 시장은 공청회를 개최하고자 할 경우에는 공청회 개최 예정일 14일전까지「국토의 계획 및 이용에 관한 법률 시행령」(이하 “영”이라 한다) 제12조제1항 각 호의 사항을 시를 주된 보급지역으로 하는 일간신문에 1회 이상 공고하고, 시에서 발간하는 공보 또는 시 홈페이지를 통하여 주민에게 알려야 한다.〈개정 2017. 11. 6〉

③ 도시기본계획안에 대한 공청회는 필요한 경우에 개최 전 계획부문별 또는 기능별 집담회를 개최할 수 있다.〈개정 2015. 1. 9〉

④ 시장은 공청회 개최 후 14일간 도시기본계획의 내용에 대하여 주민의견을 청취하여야 한다.

제3장 도시관리계획

제1절 도시관리계획의 수립절차

제6조(도시관리계획 입안의 제안서 처리) 시장은 법 제26조에 따라 주민이 제안하는 도시관리계획안에 대하여 다음 각 호의 내용이 포함된 자료의 제출을 요구할 수 있다.

1. 제안서

2. 도시관리계획 도서 및 계획설명서

3. 기반시설의 설치ㆍ정비 또는 개량에 관한 사항

4. 삭제〈2015. 5. 18〉

제7조(주민의견의 청취) ① 법 제28조제5항에 따라 시장은 주민의견을 청취하기 위하여 영 제22조제2항에 따른 공고ㆍ열람에 추가하여 열람기간 동안 시 본청 및 각 구청(읍·면·동 행정복지센터를 포함한다) 게시판과 시 홈페이지를 통하여 도시관리계획 입안사항을 공고하여야 하며, 필요한 경우 방송매체(TV, 라디오 등을 말한다) 및 신문 등 다양한 홍보수단을 이용하여 주민에게 널리 알림으로서 이해관계인 등의 의견을 폭 넓게 들을 수 있도록 하여야 한다.〈개정 2016. 12. 12, 2019. 3. 6, 2019. 12. 13, 2021. 9. 27〉

② 시장은 도시관리계획안 중 단위도시계획시설만을 입안하기 위하여 주민의견을 청취할 때에는 영 제22조제2항에 따른 공고ㆍ열람에 추가하여 도시계획시설 입안에 포함되는 토지소유자에게 그 사실을 통지하여야 한다. 다만, 주소지 불명, 반송 등 부득이한 사유로 통지 내용을 송달하지 못한 경우에는 열람기간 동안 주민의견 청취를 위한 공고를 시 홈페이지에 게재함으로서 이에 갈음할 수 있다.

제8조(재공고ㆍ열람사항) ① 법 제28조제4항 각 호의 어느 하나에 해당하는 경우로서 그 내용이 영 제25조제3항 및 제4항 각 호의 어느 하나에 해당하지 아니할 때에는 그 내용을 다시 공고ㆍ열람하게 하여 주민의 의견을 들어야 한다.〈개정 2015. 1. 9, 2017. 1. 9, 2021. 9. 27〉

② 제1항에 따른 재공고ㆍ열람에 관하여는 제7조를 준용한다.〈개정 2017. 1. 9, 2019. 3. 6〉

제8조의2(도시관리계획의 경미한 변경) 영 제25조제3항제3호에서 “도시·군계획조례로 정하는 범위 이내의 변경”이란 도시계획시설의 세부시설 변경 중 세부시설 면적, 건축물 연면적 또는 건축물 높이(층수 변경 포함한다)의 변경이 50퍼센트 미만인 경우를 말한다.
〔본조신설 2021. 9. 27〕
제9조
삭제〈2019. 3. 6〉

제2절 도시계획시설

제10조(도시계획시설의 관리) 법 제43조제3항에 따라 시가 관리하는 도시계획시설의 관리에 관하여 필요한 사항은 「지방재정법」, 「용인시 공유재산 관리 조례」, 「용인시 도로점용허가 및 점용료 등 징수 조례」 및 「용인시 도시공원 및 녹지 등에 관한 조례」에 따른다.〈개정 2016. 5. 27, 2019. 3. 6, 2024. 9. 25〉

제11조(공동구의 점용료ㆍ사용료) 법 제44조제5항에 따라 공동구의 점용료 또는 사용료에 관한 사항은 별도의 조례에 따른다.

제12조(공동구의 관리비용 등) 영 제39조에 따라 공동구의 관리비용, 관리 방법, 공동구관리협의회의 구성ㆍ운영 등에 관하여 필요한 사항은 별도의 조례에 따른다.

제13조(도시계획시설 채권의 상환기간 및 이자율) 도시계획시설 채권의 상환기간 및 이자율에 관한 구체적인 사항은 「용인시 장기미집행도시계획시설대지보상임시특별회계 설치 및 운용 조례」로 정한다.〈개정 2015. 5. 18, 2017. 11. 6〉
〔제목개정 2015. 5. 18〕

제14조(매수청구가 있는 토지에서 설치 가능한 건축물 등) ① 영 제41조제5항에 따라 매수청구가 있는 토지에 설치할 수 있는 건축물은 다음 각 호의 어느 하나에 해당하는 건축물로서 철근콘크리트조 및 철골ㆍ철근콘크리트조가 아닌 건축물로 한다.〈개정 2015. 1. 9, 2019. 3. 6〉

1.「건축법 시행령」별표 1 제1호가목의 단독주택으로서 3층 이하인 것

2.「건축법 시행령」별표 1 제3호의 제1종 근린생활시설로서 3층 이하인 것. 다만, 분양을 목적으로 하지 아니하는 것으로 한정한다.

2의2. 「건축법 시행령」 별표 1 제4호의 제2종 근린생활시설(같은 호 거목, 더목 및 러목은 제외한다)로서 3층 이하인 것. 다만, 분양을 목적으로 하지 아니하는 것으로 한정한다.

3. 공작물

② 삭제〈2015. 1. 9〉

제3절 지구단위계획

제15조(도시지역 내 지구단위계획구역의 지정대상지역) 시장은 영 제43조제4항제8호에 따라 도시지역 내 지구단위계획구역을 지정할 수 있으며, 그 지역은 다음 각 호와 같다.〈개정 2015. 1. 9, 2017. 1. 9, 2019. 3. 6〉

1. 「도시 및 주거환경정비법」 제2조에 따른 정비사업 부지

2. 건축선의 지정 등을 통한 도로의 확보 등 기반시설의 정비 및 시가지 환경정비가 필요한 지역

3. 건축물의 용도제한 및 유지가 필요한 지역

4. 문화기능 및 벤처산업 등의 유치 등으로 지역 활성화를 도모할 필요가 있는 지역

5. 독특한 자연생태적 특성에 따른 친환경적인 개발유도가 필요한 지역

6. 공공시설의 정비 및 시가지 환경정비가 필요한 지역

7. 준공업지역안의 주거, 공장 등이 혼재한 지역으로서 계획적인 환경 정비가 필요한 지역

제15조의2(공공시설 등 설치비용 및 부지가액 산정방법) ① 영 제46조제1항 각 호 외의 부분에서 “대도시의 도시ㆍ군계획조례로 정하는 기반시설”이란 영 제2조에 규정된 기반시설(이하 “공공시설등”이라 한다)을 말한다.〈개정 2019. 3. 6〉

② 영 제46조제1항에 따라 지구단위계획구역에서 건축물을 건축하려는 자가 그 대지의 일부를 공공시설등의 부지로 제공하거나 공공시설등을 설치하여 제공하는 경우 그 건축물에 대한 건폐율ㆍ용적률 및 높이제한 완화에 관한 사항은 시장이 따로 정한다.〈신설 2017. 11. 6〉

③ 영 제46조제1항제2호에 따른 공공시설등 설치비용 및 이에 상응하는 부지 가액의 산정 방법은 다음 각 호와 같다.〈개정 2017. 1. 9, 2017. 11. 6, 2019. 3. 6〉

1. 공공시설등의 설치비용과 부지 가액의 산정은 원칙적으로 지구단위계획 결정(변경) 시점을 기준으로 한다. 다만, 건축물의 특성, 기부채납의 시기 등을 고려하여 건축허가 시점을 기준으로 할 수 있다.

2. 공공시설등 설치비용은 건축물 시설의 경우 「수도권정비계획법」 제14조제2항에 따라 국토교통부장관이 매년 고시하는 표준건축비를 기준으로 산정하고, 건축물 이외의 시설물(구조물 등)의 경우 시설 설치에 필요한 재료비, 노무비, 경비 등을 고려하여 산정된 총 공사비를 기준으로 산정한다. 다만, 체육시설, 문화시설 등 특별한 구조나 성능이 필요하여 표준건축비의 적용이 적절하지 않은 경우에는 설계내역 등 객관적인 산출근거를 통해 설치비용을 따로 산정할 수 있다.

3. 부지 가액은 「감정평가 및 감정평가사에 관한 법률」에 따른 감정평가업자 2명 이상이 평가한 금액을 산술평균한 금액으로 한다. 이 경우 시장이 추천한 감정평가업자가 1명 이상 포함되어야 하며, 감정평가에 필요한 비용은 제안자가 부담하여야 한다.

4. 그 밖의 산정방법 등 시행에 필요한 운영기준은 시장이 따로 정할 수 있다.

④ 영 제46조제11항 후단에서 공공시설등의 부지를 제공하거나 공공시설등을 설치하여 제공하는 비용 중 공공임대주택을 제공하는 데에 사용해야 하는 “도시ㆍ군계획조례로 정하는 비율”이란 10퍼센트를 말한다. 다만, 해당 지역의 실정을 감안하여 공공시설 확충 등이 필요한 경우에는 제68조에 따른 공동위원회의 심의를 거쳐 공공임대주택 제공 비율을 10퍼센트 미만으로 할 수 있다.〈신설 2021. 9. 27〉

⑤ 법 제52조의2제1항제3호에 따른 “공공필요성이 인정되어 조례로 정하는 시설”이란 다음 각 호의 어느 하나에 해당하는 시설을 말한다.〈신설 2021. 9. 27〉

1. 「공공주택특별법」 제2조제1호가목에 따른 공공임대주택

2. 「건축법 시행령」 별표 1 제2호라목에 따른 기숙사
〔본조신설 2015. 12. 15〕
〔제목개정 2017. 11. 6〕
제15조의3
삭제〈2022. 5. 17〉
제15조의4
삭제〈2022. 5. 17〉

제15조의5(공공시설등의 설치비용 납부 등) ① 영 제46조의2제2항에서 “조례로 정하는 금액”이란 도시관리계획 결정 고시일 기준으로 용도지역 변경 또는 도시계획시설 결정의 변경 전ㆍ후에 대하여 각각 감정평가한 토지가액의 차이로 한다.

② 영 제46조의2제3항에 따라 분할납부하는 경우 3회 이내에서 할 수 있다.
〔본조신설 2022. 5. 17〕

제16조(지구단위계획 운용지침) 시장은 환경과 조화를 이루는 지구단위계획을 수립하고, 지구단위계획을 효율적으로 운용하고 실현성을 높이기 위하여 지구단위계획의 수립 및 운용에 관한 사항을 따로 정할 수 있다.

제16조의2(지구단위계획이 적용되지 않는 가설건축물) 영 제50조의2제1호에 따른 지구단위계획이 적용되지 않는 가설건축물은 존치기간이 3년 이내인 가설건축물을 말한다. 다만, 국가 또는 시가 공익 목적으로 건축하는 가설건축물 또는 「건축법 시행령」 제15조제5항제4호에 따른 전시를 위한 견본주택이나 그 밖에 이와 비슷한 가설건축물은 횟수별 3년의 범위에서 2회까지 존치기간을 연장할 수 있다.
〔본조신설 2021. 11. 3〕
〔전문개정 2023. 12. 8〕

제4장 개발행위의 허가 등

제17조(허가를 받지 아니하여도 되는 경미한 행위) 영 제53조에 따라 개발행위 중 허가를 받지 아니하여도 되는 경미한 행위는 다음 각 호와 같다.〈개정 2015. 5. 18, 2015. 12. 15, 2017. 1. 9, 2019. 3. 6〉

1. 다음 각 목 어느 하나에 해당하지 아니하는 건축물의 건축

가.「건축법」제11조제1항에 따른 건축허가 대상

나.「건축법」제14조제1항에 따른 건축신고 대상

다.「건축법」제20조제1항에 따른 가설건축물의 허가 대상

라.「건축법」제20조제3항에 따른 가설건축물의 축조신고 대상

2. 공작물의 설치

가. 도시지역 또는 지구단위계획구역에서 무게가 50톤 이하, 부피가 50세제곱미터 이하, 수평투영면적이 50제곱미터 이하인 공작물의 설치. 다만,「건축법 시행령」제118조제1항 각 호의 어느 하나에 해당하는 공작물의 설치는 제외한다.

나. 도시지역, 자연환경보전지역 및 지구단위계획구역외의 지역에서 무게가 150톤 이하, 부피가 150세제곱미터 이하, 수평투영면적이 150제곱미터 이하인 공작물의 설치. 다만, 「건축법 시행령」 제118조제1항 각 호의 어느 하나에 해당하는 공작물의 설치는 제외한다.

다. 녹지지역, 관리지역 또는 농림지역안에서의 농림어업용 비닐하우스(비닐하우스안에 설치하는 육상어류양식장은 제외한다)의 설치

3. 토지의 형질변경

가. 높이 50센티미터 이내 또는 깊이 50센티미터 이내의 절토, 성토, 정지 등. 다만, 포장은 제외하며, 주거지역ㆍ상업지역 및 공업지역외의 지역에서는 지목변경을 수반하지 아니하는 경우로 한정한다.

나. 도시지역, 자연환경보전지역 및 지구단위계획구역외의 지역에서 면적이 660제곱미터 이하인 토지에 대한 지목변경을 수반하지 아니하는 절토, 성토, 정지, 포장 등. 이 경우 토지의 형질변경 면적은 형질변경이 이루어지는 해당 필지의 총 면적을 말한다.

다. 조성이 완료된 기존 대지에 건축물이나 그 밖의 공작물을 설치하기 위한 토지의 형질변경(절토 및 성토는 제외한다)

라. 국가 또는 지방자치단체가 공익상 필요에 따라 직접 시행하는 사업을 위한 토지의 형질변경

4. 토석채취

가. 도시지역 또는 지구단위계획구역에서 채취 면적이 25제곱미터 이하인 토지에서의 부피가 50세제곱미터 이하인 토석채취

나. 도시지역, 자연환경보전지역 및 지구단위계획외의 지역에서 채취 면적이 75제곱미터 이하인 토지에서의 부피 100세제곱미터 이하의 토석채취

5. 토지 분할

가.「사도법」에 따른 사도개설허가를 받은 토지의 분할

나. 토지의 일부를 공공용지 또는 공용지로 하기 위한 해당 토지의 분할

다. 행정재산 중 용도폐지되는 부분의 분할 또는 일반재산을 매각, 교환 또는 양여하기 위한 토지의 분할

라. 토지의 일부가 도시계획시설로 지형도면고시가 된 해당 토지의 분할

마. 너비 5미터 이하로 이미 분할된 토지의「건축법」제57조제1항에 따라 분할제한면적 이상으로의 분할

6. 물건을 쌓아놓는 행위

가. 녹지지역 또는 지구단위계획구역에서 물건을 쌓아놓는 면적이 25제곱미터 이하인 토지에 전체무게 50톤 이하, 전체부피 50세제곱미터 이하로 물건을 쌓아놓는 행위

나. 관리지역(지구단위계획구역으로 지정된 지역은 제외한다)에서 물건을 쌓아놓는 면적이 250제곱미터 이하인 토지에 전체무게 500톤 이하, 전체부피 500세제곱미터 이하로 물건을 쌓아놓는 행위
제18조
삭제〈2017. 11. 6〉

제18조의2(토지의 형질변경 개발행위허가 제외 대상) 영 제51조제2항제4호에 따라 조성이 끝난 농지에서 농작물 재배, 농지의 지력 증진 및 생산성 향상을 위한 객토나 정지작업, 양수ㆍ배수시설 설치를 위한 토지의 형질변경으로서 허가를 받지 않아도 되는 절토ㆍ성토의 범위는 1m 미만으로 한다. 다만 성토의 경우 성토 후 토지의 높이가 인접 도로보다 높지 않아야 한다.
〔본조신설 2023. 4. 27〕

제19조(개발행위허가의 규모) 법 제58조제1항 및 영 제55조제1항에 따라 용도지역에서의 토지의 형질변경으로서 개발행위를 허가할 수 있는 규모는 다음 각 호와 같다.〈개정 2015. 5. 18〉

1. 주거지역, 상업지역, 자연녹지지역, 생산녹지지역 : 1만제곱미터 미만

2. 공업지역 : 3만제곱미터 미만

3. 보전녹지지역 : 5천제곱미터 미만

4. 보전관리지역 : 1만제곱미터 미만

5. 생산관리지역 : 2만제곱미터 미만

6. 계획관리지역 : 3만제곱미터 미만

7. 농림지역 : 1만제곱미터 미만

제20조(개발행위허가의 기준) ① 영 별표 1의2 제1호에 따라 시장은 다음 각 호의 요건을 모두 갖춘 토지에 대하여 개발행위를 허가할 수 있다.〈개정 2015. 5. 18, 2015. 12. 15, 2016. 10. 12, 2017. 11. 6, 2019. 10. 10, 2020. 12. 14, 2021. 4. 29, 2023. 4. 27, 2025. 1. 8〉

1. 입목 축적의 적용은「산지관리법」을 따를 것

2. 평균경사도의 경우 처인구 지역은 20도 이하인 토지, 기흥구 지역은 17.5도 이하인 토지, 수지구 지역은 17.5도 이하인 토지로 할 것. 다만, 평균경사도가 처인구 지역은 20도, 기흥구 지역은 17.5도, 수지구 지역은 17.5도를 초과하면서 공공ㆍ공익목적으로 시장이 필요하다고 판단한 시설ㆍ건축물은 시 도시계획위원회의 심의를 거쳐 허가할 수 있다.

3. 제2호의 경우 경사도 측정 및 산정방식은 「국토의 계획 및 이용에 관한 법률 시행규칙」에 따를 것

4. 삭제〈2021. 9. 27〉

5. 수지구 성장관리계획 대상지역(고기동, 동천동, 신봉동, 성복동, 풍덕천동을 말한다) 내의 성장관리계획이 미 수립된 녹지지역에 대한 개발행위허가의 기준은 시장이 고시한 성장관리계획의 ‘산지관리형’을 준용할 것

6. 「산지관리법」, 「산림자원의 조성 및 관리에 관한 법률」 및 그 밖의 관계 법령을 위반하여 임목이 훼손되었거나 지형이 변경된 후 원상회복이 이루어지지 않은 토지(이하 “사고지”라 한다)가 아닐 것

② 제1항제2호에도 불구하고 기존에 단독주택으로 개발행위허가를 받은 후 허가 도면대로 허가건의 분리가 필요한 경우, 도로, 우ㆍ오수시설, 상수도시설 등 기반시설을 포함한 토목공사 등 부지조성이 실질적으로 완료되고 부지 확장 등이 없는 경우에는 평균경사도 기준을 적용하지 않을 수 있다.〈신설 2025. 12. 31〉

③ 제1항은 주거지역, 상업지역, 공업지역, 지구단위계획구역(지구단위계획이 수립된 경우에 한한다)과 제24조 및 제25조에 따라 개발행위를 허가하는 경우에는 적용하지 아니한다.〈개정 2017. 11. 6, 2019. 10. 10, 2025. 12. 31〉

④ 창고시설에 대한 개발행위허가 기준 중 영 별표 1의2제1호마목(3)에 따른 도로의 너비 또는 교통소통에 관한 기준과 영 별표 1의2제2호가목(3)에 따른 이격거리, 높이, 배치 등은 별표 26의 기준에 따른다. 다만, 상업지역, 공업지역 및 지구단위계획구역(지구단위계획이 수립된 경우에 한한다) 안에서 개발행위를 허가하는 경우에는 그렇지 않다.〈신설 2021. 9. 27, 개정 2022. 5. 17, 2025. 12. 31〉

⑤ 자원순환 관련 시설(「건축법 시행령」 별표 1 제22호의 자원순환 관련 시설 중 고물상, 폐기물재활용시설, 폐기물감량화시설로 한정한다)의 개발행위허가 기준 중 영 별표 1의2 제1호마목(3)에 따른 도로의 너비 또는 교통소통에 관한 기준과 영 별표 1의2 제2호가목(3)에 따른 이격거리, 높이, 배치 등은 별표 27의 기준에 따른다.〈신설 2023. 12. 8, 개정 2025. 12. 31〉

⑥ 제1항부터 제5항까지 정한 사항 외에 개발행위허가의 세부 검토기준은 별표 28과 같다. 다만, 시장은 지역여건이나 사업특성을 고려하여 위원회의 심의를 거쳐 개발행위허가 세부 검토기준을 일부 다르게 적용할 수 있다.〈신설 2025. 12. 31〉

제21조(도로 등이 미설치된 지역에서의 건축물의 건축) 시장은 다음 각 호의 어느 하나에 해당하는 경우에는 영 별표 1의2 제2호가목(2) 단서에 따라 도로, 상·하수도가 설치되지 아니한 지역에서는 무질서한 개발을 초래하지 아니하는 범위에서 건축물의 건축 및 건축을 목적으로 하는 토지의 형질변경을 허가할 수 있다.〈개정 2015. 1. 9, 2019. 3. 6〉

1. 신청지와 연결하여 도시관리계획이 결정되어 있는 경우로서 신청인이 인접의 기존 시설과 연계되는 도로, 상·하수도를 설치할 것을 조건으로 하는 경우

2. 창고 등 상ㆍ하수도의 설치를 필요로 하지 아니하는 건축물을 건축하고자 하는 경우로서 도로가 설치되어 있거나 도로의 설치를 조건으로 하는 경우

3. 생산녹지지역, 자연녹지지역, 생산관리지역, 계획관리지역 또는 농림지역에서 농업, 임업, 어업 또는 광업에 종사하는 사람이 해당 지역에서 거주하는 주거용 건축물 및 그 부대시설의 건축을 목적으로 1천제곱미터 미만의 토지의 형질을 변경하고자 하는 경우

4. 신청지에 상수도 공급이 불가할 경우에는 상수도에 갈음하여 「먹는물관리법」에 따른 먹는물 수질기준에 적합한 지하수 개발 이용시설(기숙사 또는「관광진흥법」에 따른 숙박업에 대해서 사전에 지하수량 및 수질이 적합하다는 전문 조사기관의 지하수 영향 조사서를 붙여야 한다)을 설치하여야 한다. 다만, 분양 및 임대목적의 주택사업은 불허한다.
〔제목개정 2015. 1. 9〕

제22조(토지의 형질변경 시 안전조치) 시장은 영 별표 1의2 제2호나목에 따라 토지의 형질변경에 수반되는 성토, 절토에 의한 비탈면 또는 절개면에 대해서는 옹벽 또는 석축의 설치 등 다음 각 호의 안전조치를 하여야 한다. 이 경우, 개발행위허가 대상토지가 산지일 경우에는 「산지관리법 시행규칙」 제42조 따른 복구설계서의 작성기준에 적합하여야 한다.〈개정 2017. 1. 9, 2019. 3. 6〉

1. 상단면과 접속되는 지반면은 특별한 사정이 없으면 비탈면 및 절벽의 반대방향으로 빗물 등의 지표수가 흘러가도록 할 것

2. 토사가 무너져 내리지 않도록 옹벽, 석축, 떼 붙임 등을 하여야 하고, 비탈면의 경사는 토압 등에 의하여 유실되지 아니하도록 안전하게 할 것

3. 비탈면의 경사와 석축 또는 콘크리트 옹벽의 설치에 관하여는「건축법 시행규칙」제25조에 따를 것

4. 경사가 심한 토지에 성토를 하는 경우에는 성토하기 전의 지반과 성토된 흙이 접하는 면의 토사가 붕괴되지 않도록 필요한 조치를 할 것

5. 옹벽은 토사의 무너져 내림 또는 내려앉음 등에 버틸 수 있어야 하고, 그 구조 및 설계방법은 콘크리트 표준시방서에 의할 것

6. 석축은 물이 솟아나오는 경우 등에 대비하여 멧쌓기 또는 찰쌓기 등의 방법을 선택하되, 배수 및 토압 분산을 위한 뒷채움을 충분히 하여야 할 것. 다만, 찰쌓기의 경우에는 충분한 배수공을 두어야 한다.

제23조(지하자원 개발을 위한 토석의 채취) 시장은 영 별표 1의2 제2호다목에 따라 지하자원의 개발을 위한 토석의 채취가 다음 각 호의 기준에 적합한 경우에는 개발행위를 허가할 수 있다.〈개정 2017. 1. 9, 2019. 3. 6〉

1. 소음, 진동, 분진 등에 의한 주변피해가 없을 것

2. 운반트럭의 진·출입 도로의 개설이 수반되는 경우는 토지의 형질변경 허가를 취득할 수 있는 지역일 것

3. 보호수의 보전에 필요한 지역이 아닐 것

4. 공원, 개발제한구역 등에 인접한 지역으로서 토석채취로 인하여 주변의 경관, 환경이 크게 손상 될 우려가 있는 지역이 아닐 것

제24조(토지분할 허가기준) ① 영 별표 1의2 제2호라목(1)(가)에서 “도시·군계획조례가 정하는 면적”이란 다음 각 호에서 정하는 면적을 말한다.

1. 녹지지역: 200제곱미터 이상

2. 관리지역ㆍ농림지역 및 자연환경보전지역: 60제곱미터 이상

② 영 별표 1의2 제2호라목(1)(라)에서 “도시·군계획조례로 정한 기준”이란 택지식(도로 형태를 갖추어 그 필지에 접하게 다수 필지로 분할하는 방식을 말한다)ㆍ바둑판식(도로형태를 갖추지 않은 격자 형태의 다수 필지로 분할하는 방식을 말한다) 형태의 토지분할이 아니어야 함을 말한다. 다만, 관계 법령에 따라 인ㆍ허가를 받은 경우에는 그렇지 않다.

③ 제1항 및 제2항에 따른 토지분할 허가기준은 법원의 판결 등에 따른 공유지분에 의해 토지를 분할하는 경우에도 이를 적용한다.
〔전문개정 2021. 4. 29〕

제25조(물건을 쌓아놓는 행위의 허가기준) 영 별표 1의2 제2호마목에 따라 물건을 쌓아놓는 행위에 대한 허가기준은 다음 각 호와 같다.〈개정 2015. 1. 9, 2019. 3. 6〉

1. 소음, 악취 등의 피해가 발생하지 아니할 것

2. 시야 차폐, 미관의 훼손 등이 발생하지 아니할 것

3. 대기, 수질, 토질 등의 오염이 발생하지 아니할 것

4. 보호수의 보전에 필요한 지역이 아닐 것

5. 공원, 개발제한구역 등에 인접한 지역으로서 주변의 경관, 환경이 크게 손상될 우려가 있는 지역이 아닐 것
제26조
삭제〈2015. 5. 18〉

제27조(개발행위에 대한 위원회의 심의) ① 건축물의 건축 또는 공작물의 설치를 목적으로 하는 토지형질변경으로서 그 면적이 제19조 각 호의 어느 하나에 해당하는 규모 이상인 경우에는 위원회의 심의를 거쳐야 한다.〈개정 2015. 5. 18〉

② 영 제57조제1항제1호의2에 따라 녹지지역, 관리지역, 농림지역 또는 자연환경보전지역에서 건축물의 건축 또는 공작물의 설치를 목적으로 하는 토지의 형질변경으로서 그 면적이 제19조에 따른 개발행위허가 규모 미만인 경우에는 위원회의 심의를 거쳐야 한다. 다만, 다음 각 호의 어느 하나에 해당하는 경우에는 그러하지 아니하다.〈개정 2015. 1. 9, 2015. 5. 18, 2015. 12. 15, 2017. 1. 9, 2019. 3. 6, 2020. 5. 15, 2025. 1. 8〉

1. 다음 각 목의 어느 하나에 해당하는 건축물을 건축하려는 경우

가. 「건축법 시행령」 별표 1 제1호의 단독주택(「주택법」 제15조에 따른 사업계획승인을 받아야 하는 주택은 제외한다)

나. 「건축법 시행령」 별표 1 제2호의 공동주택(「주택법」 제15조에 따른 사업계획승인을 받아야 하는 주택은 제외한다)

다.「건축법 시행령」별표 1 제3호의 제1종 근린생활시설

라. 「건축법 시행령」 별표 1 제4호의 제2종 근린생활시설(같은 호 거목, 더목 및 러목의 시설은 제외한다)

마.「건축법 시행령」 별표 1 제10호가목의 학교 중 유치원(부지면적이 1,500제곱미터 미만인 시설로 한정하며, 보전녹지지역 및 보전관리지역에 설치하는 경우는 제외한다)

바.「건축법 시행령」 별표 1 제11호가목의 아동 관련 시설(부지면적이 1,500제곱미터 미만인 시설로 한정하며, 보전녹지지역 및 보전관리지역에 설치하는 경우는 제외한다)

사. 「건축법 시행령」 별표 1 제11호나목의 노인복지시설(「노인복지법」 제36조에 따른 노인여가복지시설로서 부지면적이 1,500제곱미터 미만인 시설로 한정하며, 보전녹지지역 및 보전관리지역에 설치하는 경우는 제외한다)

아. 「건축법 시행령」 별표 1 제18호가목의 창고(농업ㆍ임업ㆍ어업을 목적으로 하는 경우로서 660제곱미터 이내의 토지의 형질변경으로 한정하며, 자연환경보전지역에 설치하는 경우는 제외한다)

자. 「건축법 시행령」 별표 1 제21호의 동물 및 식물 관련 시설(같은 호 다목ㆍ라목의 시설이 포함되지 않은 경우로서 부지면적이 660제곱미터 이내의 시설로 한정하며, 자연환경보전지역에 설치하는 경우는 제외한다)

차. 기존 부지면적의 100분의 10(여러 차례에 걸쳐 증축하는 경우에는 누적하여 산정한다) 이하의 범위에서 증축하려는 건축물

카. 가목부터 자목까지의 규정에 해당하는 건축물의 건축 또는 공작물의 설치를 목적으로 설치하는 진입도로(도로 연장이 50미터를 초과하는 경우는 제외한다)

2. 자연녹지지역과 계획관리지역에서「건축법 시행령」별표 1 제17호의 공장(골재선별·파쇄업은 제외)을 건축하는 경우로 다음 각 목의 요건을 모두 갖춘 경우

가. 해당 용도(집단화 유도를 위하여 본문에서 정한 건축물 용도를 말하며, 이하 이 호에서 같다) 건축물의 건축을 목적으로 한 개발행위(지구단위계획구역 내 개발행위는 제외한다. 이하 이 호에서 같다)가 완료되었거나 개발행위허가 등에 따라 개발행위가 진행 중이거나 예정된 토지로부터 50미터 이내(도로의 너비는 제외한다)에 건축하는 경우

나. 해당 용도 건축물의 건축을 목적으로 한 기존 개발행위의 전체 면적(개발행위허가 등에 따라 개발행위가 진행 중이거나 예정된 토지면적을 포함한다)이 5만제곱미터 이상일 경우

다. 개발행위허가 대상인 토지의 진입도로가 너비 6미터 이상일 경우

③ 제2항 각 호에 따라 도시계획위원회의 심의를 거치지 않고 개발행위 허가를 하는 경우로서 그 개발행위의 준공 후 해당 건축물의 용도를 변경(제2항 각 호에 따라 건축할 수 있는 건축물 간의 변경은 제외한다)하려는 경우에는 위원회의 심의를 거치도록 조건을 붙여야 한다.〈개정 2015. 1. 9, 2020. 5. 15〉

제28조(이행보증금 예치의무가 면제되는 공공단체) 법 제60조제1항제3호에 따라 이행보증금 예치의무가 면제되는 공공단체는「지방공기업법」에 따라 경기도 및 시에서 설립한 지방공사ㆍ지방공단ㆍ기업 및 투자기관을 말한다.〈개정 2015. 1. 9〉

제29조(이행보증금의 예치금액 등) ① 영 제59조제2항에 따른 이행보증금의 예치금액은 「국토의 계획 및 이용에 관한 법률 시행규칙」 제9조제1항제6호에 따른 예산내역서 상의 기반시설의 설치와 그에 필요한 용지의 확보, 위해의 방지, 환경오염의 방지, 경관조성 및 조경에 필요한 금액을 말하며, 형질변경 총공사비의 20퍼센트 이하로 한다.〈개정 2016. 10. 12, 2017. 11. 6, 2019. 10. 10〉

② 산림에서의 개발행위에 대한 이행보증금의 예치금액은「산지관리법」제38조에 따른 복구비용을 포함하여 정하되, 복구비용이 이행보증금과 중복 계상되지 않도록 하여야 한다. 다만, 일시 사용에 따른 개발행위의 이행보증금은 제1항에도 불구하고 원상복구에 필요한 비용으로 한다.〈개정 2015. 1. 9, 2015. 12. 15〉

③ 영 제59조제3항에 따라 이행보증금을 보증서 등으로 갈음하는 경우 보증서 등의 보증기간은 허가기간에 6개월을 가산한 기간으로 한다.〈신설 2020. 12. 14〉
〔제목개정 2020. 12. 14〕

제30조(개발행위복합민원 일괄협의회) 영 제59조의2에 따른 개발행위복합민원 일괄협의회 운영 등에 관한 사항은「민원 처리에 관한 법률 시행령」제36조에 따른 민원실무심의회의 운영에 관한 규정을 준용한다.〈개정 2019. 3. 6, 2019. 10. 10〉

제5장 지역ㆍ지구ㆍ구역에서의 제한

제31조(용도지역에서의 건축제한) 영 제71조 및 영 제78조제1항에 따라 용도지역 및 자연취락지구에서 건축물의 용도ㆍ종류 및 규모 등의 제한은 다음 각 호와 같다. 다만, 성장관리계획이 수립된 지역에서는 시장이 고시한 성장관리계획에 따른다.〈개정 2019. 3. 6, 후단신설 2019. 10. 10, 개정 2025. 1. 8〉

1. 제1종전용주거지역에서 건축할 수 있는 건축물 : 별표 1과 같다.

2. 제2종전용주거지역에서 건축할 수 있는 건축물 : 별표 2와 같다.

3. 제1종일반주거지역에서 건축할 수 있는 건축물 : 별표 3과 같다.

4. 제2종일반주거지역에서 건축할 수 있는 건축물 : 별표 4와 같다.

5. 제3종일반주거지역에서 건축할 수 있는 건축물 : 별표 5와 같다.

6. 준주거지역에서 건축할 수 없는 건축물 : 별표 6과 같다.

7. 중심상업지역에서 건축할 수 없는 건축물 : 별표 7과 같다.

8. 일반상업지역에서 건축할 수 없는 건축물 : 별표 8과 같다.

9. 근린상업지역에서 건축할 수 없는 건축물 : 별표 9와 같다.

10. 유통상업지역에서 건축할 수 없는 건축물 : 별표 10과 같다.

11. 전용공업지역에서 건축할 수 있는 건축물 : 별표 11과 같다.

12. 일반공업지역에서 건축할 수 있는 건축물 : 별표 12와 같다.

13. 준공업지역에서 건축할 수 없는 건축물 : 별표 13과 같다.

14. 보전녹지지역에서 건축할 수 있는 건축물 : 별표 14와 같다.

15. 생산녹지지역에서 건축할 수 있는 건축물 : 별표 15와 같다.

16. 자연녹지지역에서 건축할 수 있는 건축물 : 별표 16과 같다.

17. 보전관리지역에서 건축할 수 있는 건축물 : 별표 17과 같다.

18. 생산관리지역에서 건축할 수 있는 건축물 : 별표 18과 같다.

19. 계획관리지역에서 건축할 수 없는 건축물 : 별표 19와 같다.

20. 농림지역에서 건축할 수 있는 건축물 : 별표 20과 같다.

21. 자연환경보전지역에서 건축할 수 있는 건축물 : 별표 21과 같다.

22. 자연취락지구에서 건축할 수 있는 건축물 : 별표 22와 같다.

23. 관리지역에서 건축할 수 있는 건축물 : 별표 23과 같다.

제31조의2(성장관리계획구역의 지정 기준) 영 제70조의12에 따라 조례로 정하는 지역은 다음 각호의 지역을 말한다.

1. 공업지역ㆍ산업단지 및 택지개발지구 등 대규모 개발사업지와 인접한 지역

2. 그 밖에 시장이 무질서한 개발 방지를 위해 성장관리계획구역의 지정이 필요하다고 인정하는 지역
〔본조신설 2025. 12. 31〕

제31조의3(성장관리계획구역의 지정 또는 변경 절차) 영 제70조의13제5항에 따라 조례로 정하는 중요한 사항은 성장관리계획구역의 면적을 10퍼센트를 초과하여 변경하는 경우(성장관리계획구역을 변경하는 부분에 둘 이상의 읍·면 또는 동의 일부 또는 전부가 포함된 경우에는 해당 읍·면 또는 동 단위로 구분된 지역의 면적을 각각 10퍼센트를 초과하여 변경하는 경우를 포함한다)로 한다.
〔본조신설 2025. 12. 31〕

제32조(자연경관지구에서의 용도제한) ① 영 제72조제1항에 따라 자연경관지구에서는 다음 각 호의 건축물을 건축할 수 없다.〈개정 2015. 1. 9, 2017. 1. 9, 2019. 3. 6〉

1.「건축법 시행령」별표 1 제2호의 공동주택 중 아파트

2. 「건축법 시행령」 별표 1 제4호의 제2종 근린생활시설 중 공연장, 종교집회장, 총포판매소, 장의사, 다중생활시설, 단란주점, 안마시술소, 노래연습장 및 옥외철탑이 있는 골프연습장

3.「건축법 시행령」별표 1 제5호의 문화 및 집회시설 중 집회장, 관람장

4.「건축법 시행령」별표 1 제7호의 판매시설

5.「건축법 시행령」별표 1 제8호의 운수시설

6.「건축법 시행령」별표 1 제13호의 운동시설 중 골프장과 옥외철탑이 있는 골프연습장

7.「건축법 시행령」별표 1 제15호의 숙박시설

8.「건축법 시행령」별표 1 제16호의 위락시설

9.「건축법 시행령」별표 1 제17호의 공장

10.「건축법 시행령」별표 1 제18호의 창고시설

11.「건축법 시행령」별표 1 제19호의 위험물 저장 및 처리 시설

12.「건축법 시행령」별표 1 제20호의 자동차 관련 시설

13.「건축법 시행령」별표 1 제21호의 동물 및 식물 관련 시설 중 축사, 가축시설, 도축장 및 도계장

14.「건축법 시행령」별표 1 제22호의 자원순환 관련 시설

15.「건축법 시행령」별표 1 제26호의 묘지 관련 시설

② 자연경관지구가 녹지지역에 지정된 경우에는 제1항에도 불구하고 기존 공장으로서 기반시설의 설치 및 그에 필요한 용지의 확보가 충분하고 주변지역과의 자연경관 보전ㆍ관리 및 형성에 장애가 되지 않는다고 위원회에서 인정하는 경우에는 기존 공장과 연접하여 신ㆍ증축(부지증설을 포함한다)할 수 있다.〈개정 2019. 3. 6〉
제33조
삭제〈2019. 10. 10〉

제34조(특화경관지구에서의 용도제한) ① 영 제72조제1항에 따라 특화경관지구에서는 다음 각 호의 건축물을 건축할 수 없다.〈개정 2015. 1. 9, 2015. 5. 18, 2017. 1. 9, 2017. 6. 23, 2017. 11. 6, 2019. 3. 6, 2019. 10. 10, 2025. 1. 8〉

1.「건축법 시행령」별표 1 제4호의 제2종 근린생활시설 중 옥외철탑이 있는 골프연습장

2.「건축법 시행령」별표 1 제9호의 의료시설 중 창살 등이 설치되는 입원환자실을 보유한 정신병원 및 격리병원

3.「건축법 시행령」별표 1 제13호의 운동시설 중 골프장과 옥외철탑이 있는 골프연습장

4.「건축법 시행령」별표 1 제16호의 위락시설

5.「건축법 시행령」별표 1 제17호의 공장

6.「건축법 시행령」별표 1 제18호의 창고시설

7.「건축법 시행령」별표 1 제19호의 위험물 저장 및 처리 시설

8.「건축법 시행령」별표 1 제20호의 자동차 관련 시설 중 주차장을 제외한 시설

9.「건축법 시행령」별표 1 제21호의 동물 및 식물 관련 시설 중 축사, 가축시설, 도축장 및 도계장

10.「건축법 시행령」별표 1 제22호의 자원순환 관련 시설

11.「건축법 시행령」별표 1 제23호의 교정시설 중 가목 및 나목

12.「건축법 시행령」별표 1 제26호의 묘지 관련 시설

13. 「건축법 시행령」 별표 1 제28호의 장례시설

② 영 제72조제1항 단서에 따라 제1항에도 불구하고 같은 항 제1호ㆍ제2호ㆍ제3호ㆍ제5호ㆍ제6호ㆍ제8호 및 제9호에 해당하는 건축물로서 경관도로(주간선 도로 등에 잇닿아 특화경관지구로 지정된 도로를 말한다)변의 건축선으로부터 3미터 이상을 후퇴하여 너비 2미터 이상의 차폐 조경 등 경관보호시설을 설치하는 경우에는 시장은 특화경관지구 지정 목적에 반하지 아니하는 범위에서 위원회의 심의를 거쳐 건축을 허가할 수 있다.〈개정 2019. 3. 6, 2019. 10. 10〉

③ 특화경관지구가 공업지역에 지정된 경우 제1항 및 제2항에도 불구하고 시장은 공장, 창고시설, 자동차 관련시설에 대해서 특화경관지구의 지정목적에 어긋나지 아니하는 범위에서 위원회 심의를 거쳐 허가할 수 있다.〈개정 2019. 3. 6, 2019. 10. 10〉
〔제목개정 2019. 10. 10〕
〔종전 제39조에서 이동 2019. 3. 6〕

제34조의2(시가지경관지구에서의 용도제한) ① 영 제72조제1항에 따라 시가지경관지구에서는 다음 각 호의 건축물을 건축할 수 없다.〈개정 2025. 1. 8〉

1.「건축법 시행령」별표 1 제4호의 제2종 근린생활시설 중 옥외철탑이 있는 골프연습장

2.「건축법 시행령」별표 1 제9호의 의료시설 중 창살 등이 설치되는 입원환자실을 보유한 정신병원 및 격리병원

3.「건축법 시행령」별표 1 제13호의 운동시설 중 골프장과 옥외철탑이 있는 골프연습장

4.「건축법 시행령」별표 1 제17호의 공장

5.「건축법 시행령」별표 1 제18호의 창고시설

6.「건축법 시행령」별표 1 제19호의 위험물 저장 및 처리 시설 중 주유소를 제외한 시설

7.「건축법 시행령」별표 1 제20호의 자동차 관련 시설 중 주차장을 제외한 시설

8.「건축법 시행령」별표 1 제21호의 동물 및 식물 관련 시설 중 축사, 가축시설, 도축장 및 도계장

9.「건축법 시행령」별표 1 제22호의 자원순환 관련 시설

10.「건축법 시행령」별표 1 제23호의 교정시설 중 가목 및 나목

11.「건축법 시행령」별표 1 제26호의 묘지 관련 시설

12. 「건축법 시행령」 별표 1 제28호의 장례시설

② 영 제72조제1항 단서에 따라 제1항에도 불구하고 같은 항 제1호부터 제5호까지에 해당하는 건축물과 제7호 및 제8호에 해당하는 건축물로서 경관도로(주간선 도로 등에 잇닿아 시가지경관지구로 지정된 도로를 말한다)변의 건축선으로부터 3미터 이상을 후퇴하여 너비 2미터 이상의 차폐 조경 등 경관보호시설을 설치하는 경우에는 시장은 시가지경관지구 지정 목적에 어긋나지 아니하는 범위에서 위원회의 심의를 거쳐 허가할 수 있다.

③ 시가지경관지구가 공업지역에 지정된 경우에는 제1항 및 제2항에도 불구하고 시장은 공장ㆍ창고시설 및 자동차 관련시설에 대해서 시가지경관지구의 지정목적에 어긋나지 아니하는 범위에서 위원회 심의를 거쳐 허가할 수 있다.
〔본조신설 2019. 3. 6〕

제35조(경관지구에서의 건폐율) 해당 용도지역의 건폐율이 50퍼센트를 초과할 경우에는 영 제72조제2항에 따라 자연경관지구에서 건축하는 건폐율은 50퍼센트 이하로 한다. 다만, 자연여건 등에 따라 경관유지에 지장이 없거나 토지이용을 높일 필요가 있는 지역으로서 위원회의 심의를 거친 경우 건폐율은 제50조에서 정한 건폐율 이하로 할 수 있다.〈개정 2019. 3. 6, 2019. 10. 10〉

제36조(경관지구에서의 높이 등) ① 영 제72조제2항에 따라 경관지구에서 건축하는 건축물의 높이, 층수는 다음 각 호와 같다. 이 경우 높이와 층수 산정방식은「건축법」을 따른다.〈개정 2019. 3. 6, 2019. 10. 10〉

1. 자연경관지구 : 5층 이하로써 20미터 이하(주거지역, 상업지역, 공업지역 이외의 용도지역에서는 4층 이하로써 16미터 이하로 한다)

1의2. 시가지경관지구 : 2층 이상

2. 삭제〈2019. 10. 10〉

3. 특화경관지구 : 3층 이하(20미터 이상 도로에 연접한 경우는 5층 이하로 한다)

② 자연경관지구에서 경관유지에 지장이 없다고 인정되는 경우에는 시장은 위원회 심의를 거쳐 제1항 각 호의 높이의 1.5배까지 허가할 수 있다.〈신설 2019. 3. 6, 개정 2019. 10. 10〉

제37조(경관지구에서의 건축물의 규모) ① 영 제72조제2항에 따라 자연경관지구에서 건축물 1개 동의 연면적은 1천5백제곱미터를 초과할 수 없다. 이 경우 지상으로 드러나지 않은 부분은 1개 동의 연면적 산정 시 제외한다.〈개정 2019. 3. 6, 2019. 10. 10〉

② 제1항에도 불구하고 자연 여건 등에 의하여 경관유지에 지장이 없거나 토지이용을 높일 필요가 있는 지역으로서 위원회 심의를 거친 경우에는 연면적 3천제곱미터까지 건축할 수 있다.〈신설 2019. 3. 6〉

③ 제32조제2항의 건축물에 대해서는 위원회에서 인정한 경우 제1항 및 제2항을 적용하지 아니한다.〈개정 2015. 12. 15, 2019. 3. 6, 2019. 10. 10〉

제38조(경관지구에서의 대지 안의 조경) 영 제72조제2항에 따라 자연경관지구에서 건축물을 건축하는 경우에는 주거지역에서는 대지면적의 15퍼센트 이상, 녹지지역에서는 대지면적의 30퍼센트 이상에 해당하는 조경면적을「용인시 건축 조례」제29조에 따라 조성하여야 한다. 이 경우 건축법에 따른 옥상 조경면적은 산정하지 아니한다.〈개정 2019. 3. 6, 2019. 10. 10〉

제39조 〔제34조로 이동 2019. 3. 6〕

제40조(경관지구에서의 대지 안의 공지) ① 영 제72조제2항에 따라 시가지경관지구와 특화경관지구에서의 건축물의 건축은「건축법 시행령」제31조에 따라 시장이 지정한 건축선 안쪽으로 하여야 한다.〈개정 2019. 3. 6, 2019. 10. 10〉

② 제1항에 따른 경관도로 건축 후퇴선 부분에는 개방감 확보, 출입의 용이 및 경관이 향상될 수 있도록「건축법 시행령」제118조에 따른 공작물, 담장, 계단, 주차장, 화단과 그 밖에 이와 유사한 시설물을 설치하여서는 아니 된다. 다만, 다음 각 호의 어느 하나에 해당하는 경우에는 그러하지 아니하다.〈개정 2019. 3. 6〉

1. 시장이 차량 출입금지를 위한 볼라드, 돌의자 등을 설치하는 경우

2. 조경을 식수하는 경우

3. 위원회 심의를 거쳐 수립한 공간이용계획에 따른 경우
〔제목개정 2019. 3. 6〕
제41조
삭제〈2019. 3. 6〉

제42조(건축물의 형태 제한 등) 영 제72조제2항에 따라 시장은 시가지경관지구와 특화경관지구에서 보전·관리·형성에 필요한 범위에서 건축물의 건폐율·용적률·높이·최대너비·색채 및 대지안의 조경 등을 제한할 수 있다.〈개정 2019. 10. 10〉
〔전문개정 2019. 3. 6〕

제43조(부속건축물의 제한) ① 영 제72조제2항에 따라 시가지경관지구와 특화경관지구에서는 세탁물 건조대, 장독대, 철조망 등 도시경관을 현저히 저해할 우려가 있는 시설물을 도로에서 보이게 설치할 수 없다.〈개정 2019. 3. 6, 2019. 10. 10〉

② 시가지경관지구와 특화경관지구에서는 굴뚝, 환기 설비 및 그 밖에 이와 유사한 것을 건축물의 앞면에 설치할 수 없다.〈개정 2015. 1. 9, 2019. 3. 6, 2019. 10. 10〉

제44조 〔제48조의3으로 이동 2019. 3. 6〕
제45조
삭제〈2019. 3. 6〉

제46조 〔제48조의2로 이동 2019. 3. 6〕
제47조
삭제〈2019. 3. 6〉

제48조(보호지구에서의 건축제한) ① 역사문화환경보호지구에서는 영 제76조제1호에 따라「국가유산기본법」의 적용을 받는 국가유산을 직접 관리ㆍ보호하기 위한 건축물과 문화적으로 보존가치가 큰 지역의 보호 및 보존을 저해하지 아니하는 건축물에 한정하여 건축할 수 있다.〈개정 2019. 3. 6, 2024. 5. 10〉

② 중요시설물보호지구에서는 영 제76조제2호에 따라 중요시설물의 보호와 기능 수행에 장애가 되지 아니하는 건축물에 한정하여 건축할 수 있다.〈개정 2015. 1. 9, 2019. 3. 6〉

③ 생태계보호지구에서는 영 제76조제3호에 따라 생태적으로 보존가치가 큰 지역의 보호 및 보존을 저해하지 아니하는 건축물에 한정하여 건축할 수 있으며,「건축법 시행령」별표 1 제1호부터 제27호까지에 해당되는 건축물은 건축할 수 없다.〈개정 2017. 1. 9, 2019. 3. 6〉

④ 제1항부터 제3항까지에 대해서는 지구의 지정목적에 위배되지 아니하는 범위에서 관계 행정기관의 장과의 협의 및 위원회의 심의를 거친 경우에는 그러하지 아니하다.〈개정 2015. 1. 9, 2019. 3. 6〉
〔제목개정 2019. 3. 6〕
〔종전 제49조에서 이동 2019. 3. 6〕

제48조의2(개발진흥지구에서의 건축제한) ① 영 제79조제1항에 따라 개발진흥지구에서는 지구단위계획 또는 관계 법률에 따른 개발계획에 위반하여 건축물을 건축할 수 없다. 다만, 지구단위계획 또는 개발계획이 수립되기 전에는 개발진흥지구의 계획적 개발에 위배되지 아니하는 범위에서 다음 각 호의 건축물을 건축할 수 있다.〈개정 2016. 5. 27, 2019. 3. 6〉

1. 「건축법 시행령」별표 1 제1호의 단독주택 중 가목의 단독주택

2. 「건축법 시행령」별표 1 제3호의 제1종 근린생활시설(바닥면적의 합계가 200제곱미터 이하로 한정한다)

3. 법 제81조ㆍ영 제88조 및 영 별표 24에 따라 시가화조정구역에서 시장의 허가를 받아 건축할 수 있는 건축물

4. 국가 또는 지방자치단체가 필요하다고 판단하는 도시계획시설의 설치 및 건축물. 다만, 위원회 심의를 거친 경우로 한정한다.

② 영 제79조제3항에 따라 산업ㆍ유통개발진흥지구에서는 해당 용도지역에서 허용되는 건축물 외에 해당 지구계획(해당 지구의 토지이용, 기반시설 설치 및 환경오염 방지 등에 관한 계획을 말한다)에 따라 다음 각 호의 구분에 따른 요건을 갖춘 건축물을 건축할 수 있다.〈신설 2016. 5. 27, 개정 2019. 3. 6〉

1. 계획관리지역: 계획관리지역에서 건축이 허용되지 아니하는 공장 중 다음 각 목의 요건을 모두 갖춘 것

가. 「대기환경보전법」, 「물환경보전법」 또는 「소음ㆍ진동관리법」에 따른 배출시설의 설치 허가ㆍ신고 대상이 아닐 것

나. 「악취방지법」에 따른 배출시설이 없을 것

다. 「산업집적활성화 및 공장설립에 관한 법률」 제9조제1항 또는 제13조제1항에 따른 공장설립 가능 여부의 확인 또는 공장설립등의 승인에 필요한 서류를 갖추어 법 제30조제1항에 따라 관계 행정기관의 장과 미리 협의하였을 것

2. 자연녹지지역ㆍ생산관리지역 또는 보전관리지역: 해당 용도지역에서 건축이 허용되지 아니하는 공장 중 다음 각 목의 요건을 모두 갖춘 것

가. 산업ㆍ유통개발진흥지구 지정 전에 계획관리지역에 설치된 기존 공장이 인접한 용도지역의 토지로 확장하여 설치하는 공장일 것

나. 해당 용도지역에 확장하여 설치되는 공장부지의 규모가 3천제곱미터 이하일 것. 다만, 해당 용도지역 내에 기반시설이 설치되어 있거나 기반시설의 설치에 필요한 용지의 확보가 충분하고 주변지역의 환경오염ㆍ환경훼손 우려가 없는 경우로서 위원회의 심의를 거친 경우에는 5천제곱미터까지로 할 수 있다.
〔종전 제46조에서 이동 2019. 3. 6〕

제48조의3(특정용도제한지구의 건축제한) ① 영 제80조에 따라 특정용도제한지구에서는 다음 각 호의 건축물을 건축할 수 없다.〈개정 2015. 5. 18, 2017. 1. 9, 2017. 11. 6, 2019. 3. 6, 2025. 1. 8〉

1.「건축법 시행령」별표 1 제4호의 제2종 근린생활시설 중 안마시술소, 단란주점

2.「건축법 시행령」별표 1 제7호의 판매시설

3.「건축법 시행령」별표 1 제8호의 운수시설

4.「건축법 시행령」별표 1 제9호의 의료시설 중 격리병원, 정신병원, 요양병원

5.「건축법 시행령」별표 1 제15호의 숙박시설

6.「건축법 시행령」별표 1 제16호의 위락시설

7.「건축법 시행령」별표 1 제17호의 공장

8.「건축법 시행령」별표 1 제18호의 창고시설

9.「건축법 시행령」별표 1 제19호의 위험물 저장 및 처리 시설 중 주유소를 제외한 시설

10.「건축법 시행령」별표 1 제20호의 자동차 관련 시설 중 세차장 및 주차장을 제외한 시설

11.「건축법 시행령」별표 1 제21호의 동물 및 식물 관련 시설(축사, 가축시설, 도축장 및 도계장으로 한정한다)

12.「건축법 시행령」별표 1 제22호의 자원순환 관련 시설

13.「건축법 시행령」별표 1 제23호의 교정시설 중 가목 및 나목

14.「건축법 시행령」별표 1 제26호의 묘지 관련 시설

15. 「건축법 시행령」 별표 1 제28호의 장례시설

② 제1항에도 불구하고 지구의 지정목적에 위배되지 아니하는 범위에서 관계 행정기관의 장과의 협의 및 위원회의 심의를 거친 경우에는 그러하지 아니하다.〈신설 2015. 5. 18〉
〔제목개정 2019. 3. 6〕
〔종전 제44조에서 이동 2019. 3. 6〕

제49조(그 밖의 용도지구에서의 건축제한) 영 제82조에 따라 다음 각 호의 용도지구에서의 건축제한은 해당 용도지구의 지정목적 달성을 위하여 필요한 범위에서 별도의 조례가 정하는 바에 따른다.〈개정 2019. 3. 6〉

1. 위락지구

2. 리모델링지구

3. 방재지구

4. 보행자우선지구

5. 경관지구(「용인시 도시계획 조례」로 정하지 아니한 세부적인 건축제한 및 위원회 설치 운영 등을 정할 수 있다)
〔종전 제48조에서 이동 2019. 3. 6〕

제50조(용도지역에서의 건폐율) ① 영 제84조제1항에 따라 용도지역에서의 건폐율은 다음 각 호와 같다.〈개정 2015. 1. 9, 2015. 5. 18, 2017. 1. 9, 2019. 3. 6, 2025. 1. 8〉

1. 제1종전용주거지역 : 50퍼센트 이하

2. 제2종전용주거지역 : 50퍼센트 이하

3. 제1종일반주거지역 : 60퍼센트 이하

4. 제2종일반주거지역 : 60퍼센트 이하

5. 제3종일반주거지역 : 50퍼센트 이하

6. 준주거지역? ? : 70퍼센트 이하

7. 중심상업지역? : 90퍼센트 이하

8. 일반상업지역? : 80퍼센트 이하

9. 근린상업지역? : 70퍼센트 이하

10. 유통상업지역 : 80퍼센트 이하

11. 전용공업지역 : 70퍼센트 이하

12. 일반공업지역 : 70퍼센트 이하

13. 준공업지역? : 70퍼센트 이하

14. 보전녹지지역 : 20퍼센트 이하

15. 생산녹지지역 : 20퍼센트 이하

16. 자연녹지지역 : 20퍼센트 이하. 다만, 성장관리계획을 수립한 지역의 경우에는 30퍼센트 이하로 하되, 공장의 경우에는 성장관리계획에 영 제56조의2제2항제4호에 따른 환경관리계획 또는 경관계획이 포함된 경우만 해당한다.

17. 보전관리지역 : 20퍼센트 이하

18. 생산관리지역 : 20퍼센트 이하. 다만, 성장관리계획을 수립한 지역의 경우에는 30퍼센트 이하로 하되, 공장의 경우에는 성장관리계획에 영 제56조의2제2항제4호에 따른 환경관리계획 또는 경관계획이 포함된 경우만 해당한다.

19. 계획관리지역 : 40퍼센트 이하. 다만, 성장관리계획을 수립한 지역의 경우에는 50퍼센트 이하로 하되, 공장의 경우에는 성장관리계획에 영 제56조의2제2항제4호에 따른 환경관리계획 또는 경관계획이 포함된 경우만 해당한다.

20. 농림지역 : 20퍼센트 이하

21. 자연환경보전지역 : 20퍼센트 이하

② 삭제〈2019. 3. 6〉

③ 제1항에도 불구하고 영 제84조제6항제4호에 따라 계획관리지역의 기존 공장, 창고시설 또는 연구소(2003년 1월 1일 전에 준공되고 기존 부지에 증축하는 경우로서 위원회 심의를 거쳐 도로, 상·하수도 등 영 제2조의 기반시설이 충분히 확보되었다고 인정되는 경우만 해당한다)의 건폐율은 50퍼센트 이하로 한다.〈개정 2016. 5. 27, 2019. 3. 6〉

④ 영 제84조제9항에 따라 자연녹지지역에 설치되는 도시계획시설 중 유원지의 건폐율은 30퍼센트 이하로 하고, 공원의 건폐율은 20퍼센트 이하로 한다.〈개정 2015. 5. 18, 2016. 5. 27〉

⑤ 「근현대문화유산의 보존 및 활용에 관한 법률」 제31조에 따른 등록문화유산의 건폐율은 제1항에서 정한 건폐율의 150퍼센트를 적용한다.〈개정 2024. 5. 10〉

⑥ 대통령령 제17816호 「국토의 계획 및 이용에 관한 법률」 부칙 제13조제2항에 따라 관리지역이 세분될 때까지 관리지역에서의 건폐율 및 용적률은 각각 20퍼센트 및 80퍼센트 이하로 한다.〈개정 2017. 1. 9, 2019. 3. 6〉

⑦ 녹지지역, 보전관리지역, 생산관리지역, 농림지역 또는 자연환경보전지역에서 다음 각 호의 어느 하나에 해당하는 건축물의 건폐율은 30퍼센트 이하로 한다.〈개정 2016. 10. 12, 2019. 3. 6, 2024. 5. 10〉

1.「전통사찰의 보존 및 지원에 관한 법률」제2조제1호에 따른 전통사찰

2.「국가유산기본법」 제13조제1항에 따른 국가지정유산 또는 국가등록유산, 같은 조 제2항에 따른 시ㆍ도지정유산 또는 시ㆍ도등록유산

3.「한옥 등 건축자산의 진흥에 관한 법률」제2조제2호에 따른 한옥

⑧ 제1항에도 불구하고 녹지지역, 관리지역, 농림지역 및 자연환경보전지역의 건축물로서 법 제37조제4항에 따른 방재지구의 재해저감대책에 부합하게 재해예방시설을 설치한 건축물의 건폐율은 해당 건폐율의 150퍼센트 이하로 완화 적용한다.

⑨ 영 제84조제6항제3호에 따라 자연녹지지역의 창고시설 또는 연구소(자연녹지지역으로 지정될 당시 이미 준공된 것으로서 기존 부지에서 증축하는 경우만 해당한다)의 건폐율은 40퍼센트의 범위에서 최초 건축허가 시 그 건축물에 허용된 건폐율로 한다.〈신설 2015. 1. 9, 개정 2016. 5. 27, 2019. 3. 6〉

⑩ 제1항에도 불구하고 영 제84조제6항제7호에 따라 자연녹지지역의 학교(「초ㆍ중등교육법」 제2조에 따른 학교 및 「고등교육법」 제2조제1호부터 제5호까지의 규정에 따른 학교를 말한다)로서 다음 각 호의 요건을 모두 충족하는 학교의 건폐율은 30퍼센트 이하로 한다.〈신설 2016. 10. 12, 개정 2019. 3. 6〉

1. 기존 부지에서 증축하는 경우일 것

2. 학교 설치 이후 개발행위 등으로 해당 학교의 기존 부지가 건축물, 그 밖의 시설로 둘러싸여 부지 확장을 통한 증축이 곤란한 경우로서 위원회의 심의를 거쳐 기존 부지에서의 증축이 불가피하다고 인정될 것

3. 「고등교육법」 제2조제1호부터 제5호까지의 규정에 따른 학교의 경우 「대학설립ㆍ운영 규정」 별표 2에 따른 교육기본시설, 지원시설 또는 연구시설의 증축일 것

⑪ 영 제84조제6항제8호에 따라 자연녹지지역의 주유소 또는 액화석유가스충전소로서 같은 호 각 목의 요건을 모두 충족하는 건축물의 건폐율은 30퍼센트를 초과할 수 없다.〈신설 2021. 11. 3〉

제50조의2(생산녹지지역 등에서 기존 공장의 건폐율) ① 제50조제1항에도 불구하고 영 제84조의2제1항에 따라 생산녹지지역, 자연녹지지역 또는 생산관리지역에 있는 기존 공장(해당 용도지역으로 지정될 당시 이미 준공된 것으로서 준공 당시의 부지에서 증축하는 경우에만 해당한다)의 건폐율은 40퍼센트 이하로 하며, 최초 건축허가 시 그 건축물에 허용된 비율을 초과해서는 아니 된다. 다만, 2020년 12월 31일까지 증축 허가를 신청한 경우로 한정한다.〈개정 2017. 1. 9, 2019. 3. 6〉

② 제50조제1항에도 불구하고 영 제84조의2제2항에 따라 생산녹지지역, 자연녹지지역, 생산관리지역 또는 계획관리지역에 있는 기존 공장(해당 용도지역으로 지정될 당시 이미 준공된 것에 한정한다)이 부지를 확장하여 건축물을 증축하는 경우(2020년 12월 31일까지 증축허가를 신청한 경우로 한정한다)로서 다음 각 호의 어느 하나에 해당하는 경우에는 그 건폐율은 40퍼센트 이하로 한다. 이 경우 제1호의 경우에는 부지를 확장하여 추가로 편입되는 부지(해당 용도지역으로 지정된 이후에 확장하여 추가로 편입된 부지를 포함하며, 이하 “추가편입부지”라 한다)에 대해서만 건폐율 기준을 적용하고, 제2호의 경우에는 준공 당시의 부지(해당 용도지역으로 지정될 당시의 부지를 말하며, 이하 이 항에서 “준공당시부지”라 한다)와 추가편입부지를 하나로 하여 건폐율 기준을 적용한다.〈개정 2016. 5. 27, 2017. 1. 9, 2019. 3. 6〉

1. 추가편입부지에 건축물을 증축하는 경우로서 다음 각 목의 요건을 모두 갖춘 경우

가. 추가편입부지의 면적이 3천제곱미터 이하로서 준공당시부지 면적의 50퍼센트 이내일 것

나. 시장이 위원회의 심의를 거쳐 기반시설의 설치 및 그에 필요한 용지의 확보가 충분하고 주변지역의 환경오염 우려가 없다고 인정할 것

2. 준공당시부지와 추가편입부지를 하나로 하여 건축물을 증축하려는 경우로서 다음 각 목의 요건을 모두 갖춘 경우

가. 제1호 각 목의 요건을 모두 갖출 것

나. 시장이 위원회의 심의를 거쳐 다음의 어느 하나에 해당하는 인증 등을 받기 위하여 준공당시부지와 추가편입부지를 하나로 하여 건축물을 증축하는 것이 불가피하다고 인정할 것

1) 「식품위생법」 제48조에 따른 식품안전관리인증

2) 「농수산물 품질관리법」 제70조에 따른 위해요소중점관리기준 이행 사실 증명

3) 「축산물 위생관리법」 제9조에 따른 안전관리인증

다. 준공당시부지와 추가편입부지를 합병할 것. 다만, 「건축법 시행령」 제3조제1항제2호가목에 해당하는 경우에는 합병하지 아니할 수 있다.
〔본조신설 2015. 5. 18〕

제51조(그 밖에 용도지구ㆍ구역 등의 건폐율) 영 제84조제4항에 따라 용도지구, 용도구역 등의 건폐율은 다음 각 호와 같다.〈개정 2015. 1. 9, 2016. 5. 27〉

1. 취락지구 : 60퍼센트 이하

2. 개발진흥지구 : 다음 각 목에서 정하는 비율 이하

가. 도시지역 외의 지역에 지정된 경우 : 40퍼센트

나. 자연녹지지역에 지정된 경우 : 30퍼센트

3.「자연공원법」에 따른 자연공원 : 60퍼센트 이하

4. 「산업입지 및 개발에 관한 법률」 제2조제8호라목에 따른 농공단지 : 70퍼센트 이하

5. 공업지역에 있는「산업입지 및 개발에 관한 법률」제2조제8호가목부터 다목까지의 규정에 따른 국가산업단지, 일반산업단지, 도시첨단산업단지 및 같은 조 제12호에 따른 준산업단지 : 80퍼센트 이하

제52조(건폐율의 강화) 영 제84조제5항에 따라 도시지역에서 토지이용의 과밀화를 방지하기 위하여 건폐율을 낮추어야 할 필요가 있는 경우에는 위원회 심의를 거쳐 해당 구역에 적용할 건폐율의 최대한도의 40퍼센트까지 건폐율을 낮출 수 있다.〈개정 2016. 10. 12, 2019. 3. 6〉

제53조(방화지구에서의 건폐율의 완화) 영 제84조제6항제1호에 따라 준주거지역, 일반상업지역, 근린상업지역의 방화지구에 있는 건축물로서 주요 구조부와 외벽이 내화구조인 건축물의 건폐율은 80퍼센트 이하로 한다.〈개정 2016. 5. 27〉

제54조(농지법에 따라 허용되는 건축물의 건폐율 완화) ① 영 제84조제7항에 따른 보전관리지역, 생산관리지역, 농림지역 또는 자연환경보전지역에「농지법」제32조제1항에 따라 건축할 수 있는 건축물의 건폐율은 60퍼센트 이하로 한다.〈개정 2016. 5. 27, 2023. 12. 8〉

② 영 제84조제8항에 따라 생산녹지지역에 건축할 수 있는 다음 각 호의 건축물의 경우에 그 건폐율은 60퍼센트 이하로 한다.〈신설 2015. 5. 18, 개정 2016. 5. 27, 2017. 1. 9〉

1. 「농지법」 제32조제1항제1호에 따른 농수산물의 가공ㆍ처리시설(시에서 생산된 농수산물의 가공ㆍ처리시설에 한정한다) 및 농수산업 관련 시험ㆍ연구시설

2. 「농지법 시행령」 제29조제5항제1호에 따른 농산물 건조ㆍ보관시설

3. 「농지법 시행령」 제29조제7항제2호에 따른 산지유통시설(시에서 생산된 농산물을 위한 산지유통시설만 해당한다)

제55조(용도지역에서의 용적률) ① 영 제85조제1항에 따른 각 용도지역의 용적률은 다음 각 호와 같다.〈개정 2015. 1. 9, 2015. 12. 15, 2017. 1. 9, 2019. 3. 6, 2025. 1. 8〉

1. 제1종전용주거지역 : 100퍼센트 이하

2. 제2종전용주거지역 : 150퍼센트 이하

3. 제1종 일반주거지역 : 200퍼센트 이하

4. 제2종 일반주거지역 : 240퍼센트 이하. 다만, 「도시 및 주거환경정비법」 제2조제2호의 정비사업으로 건설하는 공동주택에 대해서는 250퍼센트 이하로 한다.

5. 제3종 일반주거지역 : 290퍼센트 이하

6. 준주거지역 : 450퍼센트 이하

7. 중심상업지역 : 1,100퍼센트 이하

8. 일반상업지역 : 900퍼센트 이하

9. 근린상업지역 : 700퍼센트 이하

10. 유통상업지역 : 800퍼센트 이하

11. 전용공업지역 : 250퍼센트 이하. 다만, 산업단지 또는 준산업단지 내 공장은 300퍼센트 이하로 한다.

12. 일반공업지역 : 300퍼센트 이하. 다만, 산업단지 또는 준산업단지 내 공장은 350퍼센트 이하로 한다.

13. 준공업지역 : 350퍼센트 이하. 다만, 산업단지 또는 준산업단지 내 공장은 400퍼센트 이하로 한다.

14. 보전녹지지역 : 70퍼센트 이하

15. 생산녹지지역 : 100퍼센트 이하

16. 자연녹지지역 : 100퍼센트 이하

17. 보전관리지역 : 80퍼센트 이하

18. 생산관리지역 : 80퍼센트 이하

19. 계획관리지역 : 100퍼센트 이하. 다만, 성장관리계획을 수립한 지역의 경우에는 125퍼센트 이하로 한다.

20. 농림지역 : 70퍼센트 이하

21. 자연환경보전지역 : 70퍼센트 이하

② 제1항제7호부터 제9호까지에도 불구하고 상업지역에서 주거용도와 주거용 외의 용도가 복합된 건축물을 건축하는 경우의 해당 용적률은 건축물의 연면적의 합계에 대한 주거용 비율에 따라 별표 24가 정하는 바에 따른다.〈개정 2015. 1. 9〉

③ 제1항에도 불구하고 녹지지역, 관리지역, 농림지역 또는 자연환경보전지역에서 건축물인 도시계획시설은 영 제85조제1항 각 호의 범위에서 위원회 심의를 거쳐 따로 정할 수 있다.

④ 제1항에도 불구하고 임대주택(「민간임대주택에 관한 특별법」에 따른 민간임대주택 또는 「공공주택 특별법」에 따른 공공임대주택을 말한다. 이하 같다)과 기숙사에 대해서는 다음 각 호에서 정하는 바에 따라 용적률을 완화할 수 있다.〈개정 2016. 5. 27〉

1. 제1항제1호부터 제6호까지의 지역에서는 제1항에 따른 용적률의 20퍼센트 이하의 범위에서 임대주택(「민간임대주택에 관한 특별법」 또는 「공공주택 특별법」에 따라 임대의무기간이 8년 이상인 경우에 한정한다)의 추가건설을 허용할 수 있다.

2. 다음 각 목의 어느 하나에 해당하는 자가 「고등교육법」 제2조에 따른 학교의 학생이 이용하도록 해당 학교 부지 외에 건설하는 기숙사(「건축법 시행령」 별표 1 제2호라목에 따른 기숙사를 말한다)에 대해서는 영 제85조제1항 각 호에 따른 용도지역별 최대한도까지 건설을 허용할 수 있다.

가. 국가 또는 지방자치단체

나. 「사립학교법」에 따른 학교법인

다. 「한국사학진흥재단법」에 따른 한국사학진흥재단

라. 「한국장학재단 설립 등에 관한 법률」에 따른 한국장학재단

마. 가목부터 라목까지의 어느 하나에 해당하는 자가 단독 또는 공동으로 출자하여 설립한 법인

⑤ 제1항에도 불구하고 영 제85조제3항제6호에 따라 감염병관리시설을 설치하는 경우로서 다음 각 호의 요건을 모두 갖춘 경우에는 제1항 각 호에 따른 용도지역별 용적률 최대한도의 120퍼센트 이하로 용적률을 완화할 수 있다.〈신설 2023. 12. 8〉

1. 영 제85조제3항제6호가목에 따른 필요감염병관리시설일 것

2. 필요감염병관리시설 외 시설의 면적은 제1항에 따른 용적률에 해당하는 면적 이내일 것

⑥ 제4항 및 제5항은 다음 각 호의 어느 하나에 해당되는 경우에는 이를 적용하지 아니한다.〈개정 2015. 1. 9, 2023. 12. 8〉

1. 개발제한구역, 시가화조정구역, 녹지지역 또는 공원에서 해제되는 구역과 새로 도시지역으로 편입되는 구역 중 계획적인 개발 또는 관리가 필요한 지역인 경우

2. 기존의 용도지역 또는 용도지구가 용적률이 높은 용도지역 또는 용도지구로 변경되는 경우로서 기존의 용도지역 또는 용도지구의 용적률을 적용하지 아니하는 경우

⑦ 「근현대문화유산의 보존 및 활용에 관한 법률」 제31조에 따른 등록문화유산의 용적률은 제1항에서 정한 용적률의 150퍼센트를 적용한다.〈개정 2023. 12. 8, 2024. 5. 10〉

⑧ 제1항에도 불구하고 법 제37조제4항에 따른 해당 방재지구의 재해저감대책에 부합하게 재해예방시설을 설치하는 건축물의 경우 제1항제1호부터 제13호까지의 용도지역에서는 해당 용적률의 120퍼센트 이하로 완화 적용한다.〈개정 2023. 12. 8〉

제55조의2(사회복지시설을 설치ㆍ기부하는 경우의 용적률 완화) 영 제85조제11항에 따라 건축물을 건축하려는 자가 그 대지의 일부에 「영유아보육법」 제2조제3호에 따른 어린이집, 「노인복지법」 제36조제1항제1호에 따른 노인복지관 또는 「사회복지사업법」 제2조제4호에 따른 사회복지시설을 설치하여 기부하는 경우에는 기부하는 시설의 연면적의 2배 이하의 범위에서 추가 건축을 허용할 수 있다. 다만, 해당 용적률은 다음 각 호의 기준을 초과할 수 없다.〈개정 2019. 3. 6〉

1. 제55조제1항에 따른 용적률의 120퍼센트

2. 영 제85조제1항 각 호의 구분에 따른 용도지역별 용적률의 최대한도
〔본조신설 2015. 5. 18〕
〔제목개정 2019. 3. 6〕

제56조(그 밖에 용도지구ㆍ구역 등의 용적률) 영 제85조제6항에 따른 용도지구, 용도구역 등의 용적률은 다음 각 호와 같다.〈개정 2017. 1. 9, 2019. 3. 6〉

1. 삭제〈2017. 1. 9〉

2. 도시지역 외의 지역에 지정된 개발진흥지구 : 100퍼센트 이하

3.「자연공원법」에 따른 자연공원 : 80퍼센트 이하. 다만,「자연공원법」에 따른 집단시설지구의 경우에는 100퍼센트 이하로 한다.

4.「산업입지 ",www.elis.go.kr/allalr/selectAlrBdtOne?alrNo=41490109224034&histNo=053&menuNm=main
